k11,k12,k13,k21,k22,k23,gamma,lambda
0.0,0.0,0.0,0.0,0.0,0.0,0.0,0.0
27.143502235412598,8.748486042022705,17.055386304855347,0.2173149585723877,0.0241580531001091,0.03713631331920624,2.515907049179077,2.73244571685791
27.13442325592041,8.743098974227905,17.04086661338806,0.21719114780426027,0.024150325357913973,0.0372056782245636,2.514801263809204,2.734799861907959
27.219104766845703,8.756365776062012,17.09153652191162,0.21793735027313232,0.024169714748859407,0.03698590397834778,2.52311635017395,2.7410271167755127
27.251527309417725,8.757352828979492,17.112404108047485,0.21823909282684328,0.024185237288475037,0.03689092397689819,2.5262701511383057,2.743563175201416
27.262699604034424,8.756746649742126,17.11785316467285,0.2183370590209961,0.024190977215766907,0.0368660569190979,2.5273244380950928,2.745206117630005
27.266511917114258,8.757116794586182,17.119663953781128,0.21836764812469484,0.024188734591007233,0.03685999810695648,2.5276544094085693,2.745772361755371
27.268407344818115,8.757576942443848,17.1205472946167,0.21838157176971437,0.02418567091226578,0.03685805499553681,2.5278055667877197,2.746051549911499
27.269539833068848,8.757939338684082,17.121070623397827,0.21838953495025637,0.024183204770088198,0.036857223510742186,2.5278913974761963,2.7462172508239746
27.27029323577881,8.758205771446228,17.12141990661621,0.21839468479156496,0.02418138235807419,0.03685676157474518,2.527947187423706,2.7463271617889404
27.270832061767578,8.758395910263062,17.121673822402954,0.21839835643768313,0.02418004721403122,0.03685643374919891,2.527986764907837,2.746405601501465
27.271242141723633,8.75853180885315,17.121868133544922,0.2184011697769165,0.024179068207740784,0.03685615360736847,2.5280168056488037,2.746464729309082
27.27156162261963,8.758628964424133,17.122024297714233,0.21840338706970217,0.024178355932235718,0.036855897307395934,2.528040647506714,2.746511459350586
27.27182149887085,8.758695721626282,17.122151851654053,0.21840527057647707,0.024177834391593933,0.03685564696788788,2.5280601978302,2.746548891067505
27.27203369140625,8.758740425109863,17.122260332107544,0.21840684413909914,0.024177467823028567,0.03685539960861206,2.528076410293579,2.746579885482788
27.272214889526367,8.758766651153564,17.12235450744629,0.2184081792831421,0.024177223443984985,0.036855146288871765,2.528090238571167,2.746605634689331
27.2723650932312,8.758777379989624,17.122433185577393,0.2184093475341797,0.024177074432373047,0.03685489296913147,2.528102397918701,2.7466273307800293
27.272491455078125,8.758776187896729,17.122504711151123,0.21841039657592776,0.024177013337612154,0.03685463666915894,2.5281128883361816,2.74664568901062
27.27260112762451,8.758764266967773,17.122565507888794,0.21841130256652833,0.02417702376842499,0.03685437440872193,2.5281219482421875,2.7466611862182617
27.27268934249878,8.758742809295654,17.122620344161987,0.21841213703155518,0.02417709529399872,0.03685410916805267,2.528130292892456,2.7466742992401123
27.272768020629883,8.758713006973267,17.122666835784912,0.21841285228729249,0.02417721897363663,0.03685384094715118,2.52813720703125,2.746685743331909
27.27283239364624,8.758677244186401,17.12271213531494,0.21841351985931398,0.02417738884687424,0.03685356378555298,2.5281434059143066,2.746694803237915
27.272884845733643,8.758634328842163,17.122750282287598,0.21841413974761964,0.02417760640382767,0.03685328960418701,2.528149366378784,2.7467026710510254
27.272932529449463,8.758585453033447,17.122782468795776,0.21841466426849365,0.024177856743335724,0.03685301244258881,2.528154134750366,2.746709108352661
27.272968292236328,8.75853419303894,17.122812271118164,0.2184151649475098,0.024178141355514528,0.03685272932052613,2.52815842628479,2.7467143535614014
27.27299690246582,8.758476972579956,17.122840881347656,0.21841561794281006,0.0241784542798996,0.0368524432182312,2.528162717819214,2.746718645095825
27.27301836013794,8.758415579795837,17.122864723205566,0.21841604709625245,0.02417878955602646,0.03685216009616852,2.5281662940979004,2.7467217445373535
27.273032665252686,8.75835120677948,17.12288498878479,0.218416428565979,0.024179147183895112,0.036851876974105836,2.5281693935394287,2.7467241287231445
27.27303981781006,8.75828504562378,17.122904062271118,0.21841676235198976,0.024179522693157197,0.03685159385204315,2.528172254562378,2.746725559234619
27.27304697036743,8.758217096328735,17.12292194366455,0.21841704845428467,0.024179914593696596,0.03685131371021271,2.528174638748169,2.7467265129089355
27.27304697036743,8.758145570755005,17.122936248779297,0.2184173583984375,0.024180319905281068,0.036851024627685545,2.5281765460968018,2.7467262744903564
27.27304458618164,8.758074641227722,17.122946977615356,0.21841762065887452,0.0241807296872139,0.03685075044631958,2.5281784534454346,2.7467262744903564
27.273035049438477,8.758001327514648,17.122957706451416,0.21841783523559571,0.024181148409843447,0.03685047328472137,2.528179883956909,2.74672532081604
27.273025512695312,8.757928609848022,17.12296724319458,0.21841800212860107,0.024181568622589113,0.03685019910335541,2.5281808376312256,2.7467236518859863
27.273013591766357,8.757855892181396,17.12297558784485,0.21841819286346437,0.024181996285915375,0.03684993386268616,2.528181791305542,2.7467222213745117
27.27299690246582,8.757782578468323,17.122981548309326,0.21841835975646973,0.024182417988777162,0.03684967160224915,2.5281827449798584,2.7467200756073
27.272977828979492,8.757709264755249,17.122986316680908,0.2184185028076172,0.02418283969163895,0.03684941530227661,2.5281832218170166,2.7467172145843506
27.272958755493164,8.757635951042175,17.12299108505249,0.21841862201690676,0.024183259904384614,0.036849164962768556,2.528183698654175,2.7467143535614014
27.272934913635254,8.757563829421997,17.122994661331177,0.21841869354248047,0.02418367564678192,0.03684891760349274,2.528183937072754,2.746711015701294
27.272911071777344,8.757493495941162,17.122995853424072,0.21841878890991212,0.02418408989906311,0.03684868216514588,2.528183698654175,2.7467076778411865
27.272887229919434,8.757421970367432,17.122995853424072,0.21841883659362793,0.024184498190879825,0.03684844672679901,2.528183698654175,2.7467041015625
27.27285623550415,8.757351040840149,17.122995853424072,0.21841888427734377,0.024184904992580414,0.03684822022914887,2.5281832218170166,2.7467002868652344
27.27283000946045,8.757282495498657,17.12299346923828,0.21841890811920167,0.024185302853584292,0.036847999691963194,2.5281827449798584,2.7466957569122314
27.272799015045166,8.757213354110718,17.12299108505249,0.21841893196105958,0.024185703694820405,0.036847785115242004,2.528181791305542,2.7466914653778076
27.2727632522583,8.757146000862122,17.122987508773804,0.21841893196105958,0.02418609708547592,0.03684757649898529,2.5281808376312256,2.7466866970062256
27.272729873657227,8.75707745552063,17.12298274040222,0.21841890811920167,0.02418648451566696,0.03684736788272858,2.528179883956909,2.7466814517974854
27.27269411087036,8.757011890411377,17.122976779937744,0.21841886043548586,0.024186867475509646,0.03684717118740082,2.5281786918640137,2.7466766834259033
27.272653579711914,8.756946325302124,17.122970819473267,0.21841881275177003,0.02418724298477173,0.03684698343276978,2.528177261352539,2.746671199798584
27.27261781692505,8.756882548332214,17.122963666915894,0.2184187412261963,0.024187611043453218,0.036846798658370976,2.5281755924224854,2.7466659545898438
27.2725772857666,8.756818175315857,17.122955322265625,0.21841864585876467,0.024187974631786346,0.03684661984443665,2.5281739234924316,2.7466602325439453
27.272539138793945,8.756756782531738,17.12294578552246,0.21841857433319092,0.02418832927942276,0.0368464469909668,2.528172254562378,2.7466542720794678
27.272496223449707,8.756694793701172,17.122938632965088,0.21841845512390137,0.024188680946826937,0.03684627711772919,2.528170347213745,2.7466485500335693
27.27245330810547,8.756633996963501,17.12293028831482,0.21841833591461182,0.024189025163650513,0.03684611022472382,2.5281684398651123,2.7466423511505127
27.27241039276123,8.756572008132935,17.122920751571655,0.21841821670532227,0.02418936789035797,0.036845946311950685,2.5281662940979004,2.746635913848877
27.2723650932312,8.756510615348816,17.122910022735596,0.21841809749603272,0.024189709126949312,0.03684578835964203,2.5281636714935303,2.7466299533843994
27.272322177886963,8.756451606750488,17.12290048599243,0.21841793060302736,0.02419004589319229,0.03684563040733337,2.5281617641448975,2.7466232776641846
27.272276878356934,8.756390810012817,17.122888565063477,0.2184177875518799,0.024190381169319153,0.0368454784154892,2.5281591415405273,2.7466166019439697
27.272229194641113,8.756332397460938,17.122877836227417,0.21841762065887452,0.024190708994865417,0.036845332384109496,2.5281565189361572,2.746609926223755
27.272183895111084,8.75627338886261,17.122867107391357,0.21841747760772706,0.02419104129076004,0.03684518039226532,2.528154134750366,2.74660325050354
27.272138595581055,8.756214380264282,17.122855186462402,0.2184173107147217,0.024191364645957947,0.03684503436088562,2.528151512145996,2.746596574783325
27.272090911865234,8.756157159805298,17.122840881347656,0.21841714382171631,0.024191685020923615,0.0368448942899704,2.528148889541626,2.7465896606445312
27.272043228149414,8.756100535392761,17.122831344604492,0.21841695308685305,0.024192003905773165,0.03684475421905518,2.5281460285186768,2.7465827465057373
27.271997928619385,8.756043910980225,17.122819423675537,0.21841681003570557,0.024192312359809877,0.036844614148139956,2.5281436443328857,2.7465763092041016
27.271952629089355,8.755990266799927,17.12280511856079,0.2184165954589844,0.02419261634349823,0.03684448599815369,2.5281410217285156,2.7465693950653076
27.271904945373535,8.755935430526733,17.122795581817627,0.218416428565979,0.024192914366722107,0.036844354867935185,2.5281381607055664,2.7465624809265137
27.271859645843506,8.755883574485779,17.122783660888672,0.21841623783111574,0.024193204939365387,0.036844226717948916,2.5281357765197754,2.746556043624878
27.271814346313477,8.75583291053772,17.122771739959717,0.21841609477996826,0.024193486571311953,0.03684411346912384,2.5281331539154053,2.746549606323242
27.27177619934082,8.755784034729004,17.12275981903076,0.218415904045105,0.02419375777244568,0.03684399425983429,2.5281307697296143,2.7465434074401855
27.271733283996582,8.755737543106079,17.122749090194702,0.2184157371520996,0.02419401705265045,0.03684388697147369,2.5281283855438232,2.746537446975708
27.271690368652344,8.755689859390259,17.122738361358643,0.21841557025909425,0.02419426888227463,0.0368437796831131,2.528125762939453,2.7465314865112305
27.27165460586548,8.75564694404602,17.122726440429688,0.2184154272079468,0.024194514751434328,0.03684368133544922,2.528123617172241,2.746525526046753
27.271616458892822,8.755604028701782,17.122719287872314,0.21841528415679934,0.02419474869966507,0.036843580007553105,2.52812123298645,2.7465202808380127
27.271580696105957,8.755563497543335,17.12270975112915,0.21841511726379395,0.024194975197315217,0.036843481659889224,2.5281193256378174,2.7465147972106934
27.271544933319092,8.755524158477783,17.12269902229309,0.2184149503707886,0.024195197224617007,0.036843395233154295,2.5281169414520264,2.746509552001953
27.271509170532227,8.755486011505127,17.122690677642822,0.21841483116149904,0.024195413291454318,0.036843311786651615,2.5281150341033936,2.746504783630371
27.271475791931152,8.755446672439575,17.122678756713867,0.21841468811035158,0.02419562935829163,0.03684322237968445,2.5281128883361816,2.746499538421631
27.271442413330078,8.755409717559814,17.1226704120636,0.21841456890106203,0.02419584095478058,0.03684313297271729,2.528110980987549,2.746494770050049
27.271409034729004,8.755372762680054,17.12266206741333,0.21841442584991455,0.02419605553150177,0.0368430495262146,2.528109312057495,2.746490240097046
27.27138042449951,8.75533640384674,17.12265133857727,0.2184142827987671,0.024196256697177888,0.03684296905994416,2.5281074047088623,2.746485471725464
27.271347045898438,8.755302429199219,17.122642993927002,0.21841418743133545,0.02419644743204117,0.036842891573905946,2.5281057357788086,2.74648118019104
27.271318435668945,8.755271434783936,17.122634649276733,0.2184140682220459,0.024196621775627137,0.03684282302856445,2.528104066848755,2.746476888656616
27.271292209625244,8.755244016647339,17.122626304626465,0.21841394901275635,0.024196773767471313,0.03684276640415192,2.528102397918701,2.7464725971221924
27.271265983581543,8.755218982696533,17.122619152069092,0.2184138298034668,0.024196913838386538,0.03684271574020386,2.5281007289886475,2.746469020843506
27.271242141723633,8.75519573688507,17.12261438369751,0.21841371059417725,0.024197039008140565,0.0368426650762558,2.528099298477173,2.7464654445648193
27.271218299865723,8.7551748752594,17.122607231140137,0.21841361522674563,0.0241971492767334,0.03684262931346893,2.5280978679656982,2.746462106704712
27.271201610565186,8.755156993865967,17.122600078582764,0.21841349601745608,0.024197250604629517,0.036842599511146545,2.5280964374542236,2.746459484100342
27.27118492126465,8.755140900611877,17.122597694396973,0.21841342449188234,0.024197338521480562,0.03684256970882416,2.528095006942749,2.7464566230773926
27.27116584777832,8.755126595497131,17.122591733932495,0.2184133291244507,0.02419741600751877,0.03684254288673401,2.5280940532684326,2.7464540004730225
27.271151542663574,8.755114674568176,17.12258815765381,0.21841323375701904,0.024197484552860263,0.036842525005340576,2.528093099594116,2.7464518547058105
27.271137237548828,8.755103349685669,17.122583389282227,0.21841318607330323,0.02419753670692444,0.03684250712394715,2.5280921459198,2.7464494705200195
27.271127700805664,8.7550950050354,17.12257981300354,0.2184130907058716,0.02419758290052414,0.036842501163482665,2.5280911922454834,2.746447801589966
27.2711181640625,8.755088448524475,17.122576236724854,0.21841304302215578,0.024197620153427125,0.036842492222785954,2.528090476989746,2.746446371078491
27.271108627319336,8.755083680152893,17.122573852539062,0.21841297149658204,0.024197648465633395,0.036842492222785954,2.528089761734009,2.7464451789855957
27.271101474761963,8.755079507827759,17.12257146835327,0.21841292381286623,0.024197664856910706,0.03684249520301819,2.5280890464782715,2.7464439868927
27.27109432220459,8.755078315734863,17.122572660446167,0.21841289997100832,0.024197673797607424,0.036842492222785954,2.5280888080596924,2.7464427947998047
27.271089553833008,8.755078315734863,17.12257146835327,0.2184128761291504,0.02419767528772354,0.036842504143714906,2.528088331222534,2.7464420795440674
27.271087169647217,8.755078315734863,17.122567892074585,0.21841280460357668,0.024197664856910706,0.0368425190448761,2.528087854385376,2.746441602706909
27.271084785461426,8.755080699920654,17.12256669998169,0.21841280460357668,0.024197651445865633,0.036842525005340576,2.5280873775482178,2.746441125869751
27.271084785461426,8.75508427619934,17.122567892074585,0.21841278076171877,0.024197629094123842,0.03684254288673401,2.5280873775482178,2.746440887451172
27.271084785461426,8.755089044570923,17.12256669998169,0.21841275691986084,0.024197599291801455,0.03684256672859192,2.5280873775482178,2.746440887451172
27.271087169647217,8.7550950050354,17.12256669998169,0.21841273307800294,0.02419756650924683,0.03684258759021759,2.5280869007110596,2.746440887451172
27.271087169647217,8.755102157592773,17.122567892074585,0.21841273307800294,0.024197524785995485,0.036842611432075505,2.5280869007110596,2.746441125869751
27.271089553833008,8.755110502243042,17.122567892074585,0.21841270923614503,0.024197478592395783,0.03684264123439789,2.5280869007110596,2.74644136428833
27.27109432220459,8.755120038986206,17.122567892074585,0.21841270923614503,0.024197423458099367,0.036842676997184756,2.5280871391296387,2.7464420795440674
27.271099090576172,8.75512957572937,17.12256908416748,0.21841270923614503,0.02419736683368683,0.036842706799507144,2.5280871391296387,2.7464425563812256
27.271103858947754,8.755139112472534,17.12257146835327,0.21841270923614503,0.024197304248809816,0.03684274256229401,2.5280873775482178,2.746443271636963
27.271111011505127,8.755151629447937,17.12257146835327,0.21841273307800294,0.02419724017381668,0.03684277832508087,2.5280873775482178,2.746443748474121
27.27111577987671,8.755163550376892,17.122572660446167,0.21841273307800294,0.024197167158126833,0.036842814087867735,2.528087615966797,2.7464449405670166
27.271122932434082,8.75517725944519,17.122575044631958,0.21841273307800294,0.02419709414243698,0.036842849850654606,2.528087854385376,2.746445655822754
27.271130084991455,8.755190372467041,17.12257742881775,0.21841273307800294,0.024197015166282657,0.03684289455413819,2.528087854385376,2.7464468479156494
27.271137237548828,8.755204677581787,17.122578620910645,0.21841275691986084,0.02419693022966385,0.03684293925762177,2.528088331222534,2.7464475631713867
27.271146774291992,8.755219578742981,17.122581005096436,0.21841275691986084,0.024196845293045045,0.03684297800064087,2.5280888080596924,2.7464487552642822
27.271156311035156,8.75523567199707,17.122583389282227,0.21841275691986084,0.024196751415729523,0.03684302270412445,2.5280888080596924,2.7464499473571777
27.27116584777832,8.755251169204712,17.122585773468018,0.21841278076171877,0.024196660518646242,0.036843073368072514,2.5280892848968506,2.7464516162872314
27.271175384521484,8.755268454551697,17.12258815765381,0.21841280460357668,0.024196563661098482,0.03684312105178833,2.528089761734009,2.746452808380127
27.27118492126465,8.755285739898682,17.1225905418396,0.21841282844543458,0.024196460843086243,0.03684316873550415,2.528089761734009,2.7464542388916016
27.271196842193604,8.755303621292114,17.122594118118286,0.21841285228729249,0.024196356534957886,0.03684321939945221,2.528090238571167,2.746455669403076
27.27120876312256,8.755321502685547,17.12259531021118,0.2184128761291504,0.024196246266365053,0.03684327304363251,2.528090715408325,2.74645733833313
27.271220684051514,8.755340576171875,17.122600078582764,0.21841289997100832,0.024196138978004458,0.036843332648277285,2.5280911922454834,2.7464590072631836
27.27123260498047,8.755359649658203,17.12260127067566,0.21841289997100832,0.024196021258831024,0.03684338331222534,2.5280916690826416,2.7464606761932373
27.271246910095215,8.755379915237427,17.12260365486145,0.21841294765472413,0.024195903539657594,0.03684343993663788,2.528092384338379,2.74646258354187
27.27125644683838,8.755401372909546,17.122609615325928,0.21841297149658204,0.024195779860019685,0.03684349954128265,2.528092861175537,2.7464640140533447
27.271270751953125,8.755422234535217,17.122613191604614,0.21841299533843994,0.024195656180381775,0.03684355616569519,2.5280933380126953,2.7464659214019775
27.271287441253662,8.755444288253784,17.1226167678833,0.21841301918029787,0.02419552654027939,0.0368436187505722,2.5280938148498535,2.7464680671691895
27.271299362182617,8.755465745925903,17.122619152069092,0.21841306686401368,0.024195396900177003,0.03684368133544922,2.528094530105591,2.7464702129364014
27.271316051483154,8.755489587783813,17.122623920440674,0.2184130907058716,0.02419526278972626,0.03684374392032624,2.528095006942749,2.746472120285034
27.27133274078369,8.755512833595276,17.122628688812256,0.21841313838958742,0.024195128679275514,0.03684380352497101,2.5280959606170654,2.746474504470825
27.271347045898438,8.75553548336029,17.122631072998047,0.21841318607330323,0.024194988608360293,0.036843869090080264,2.5280964374542236,2.746476888656616
27.271363735198975,8.755559921264648,17.12263584136963,0.21841320991516114,0.02419484853744507,0.03684392869472504,2.528097152709961,2.746479034423828
27.27138042449951,8.75558316707611,17.122641801834106,0.21841328144073488,0.02419470250606537,0.03684399127960205,2.5280978679656982,2.74648118019104
27.27139711380005,8.755608797073364,17.122645378112793,0.21841330528259278,0.02419455647468567,0.03684405982494354,2.5280983448028564,2.746483564376831
27.271416187286377,8.755633234977722,17.12265133857727,0.2184133529663086,0.02419441044330597,0.036844125390052794,2.528099298477173,2.746486186981201
27.271432876586914,8.755658268928528,17.122656106948853,0.21841340065002443,0.02419426441192627,0.03684419095516205,2.52810001373291,2.746488571166992
27.271451950073242,8.755683898925781,17.12266206741333,0.21841344833374024,0.02419411391019821,0.036844256520271304,2.5281009674072266,2.7464911937713623
27.27146863937378,8.75571072101593,17.122666835784912,0.21841349601745608,0.024193967878818515,0.036844322085380556,2.528101682662964,2.7464935779571533
27.271485328674316,8.755735158920288,17.12267279624939,0.2184135675430298,0.024193817377090455,0.03684438467025757,2.5281026363372803,2.7464964389801025
27.271506786346436,8.755759596824646,17.12267756462097,0.21841361522674563,0.024193668365478517,0.03684445321559906,2.5281033515930176,2.7464993000030518
27.271525859832764,8.7557852268219,17.12268352508545,0.21841368675231934,0.02419351935386658,0.03684451878070832,2.528104305267334,2.7465016841888428
27.2715425491333,8.755810260772705,17.12268829345703,0.21841375827789308,0.024193373322486878,0.03684458136558533,2.5281054973602295,2.746504783630371
27.27156162261963,8.755836486816406,17.12269425392151,0.2184138059616089,0.02419322580099106,0.036844643950462344,2.528106212615967,2.746507167816162
27.271580696105957,8.755860328674316,17.122700214385986,0.21841387748718263,0.02419307976961136,0.036844706535339354,2.528107166290283,2.7465102672576904
27.271604537963867,8.75588595867157,17.12270498275757,0.21841394901275635,0.02419293522834778,0.03684477210044861,2.5281081199645996,2.7465128898620605
27.271621227264404,8.75590980052948,17.122710943222046,0.21841399669647218,0.024192795157432556,0.036844828724861146,2.528109312057495,2.7465157508850098
27.271642684936523,8.755934238433838,17.122715711593628,0.21841409206390383,0.024192656576633456,0.03684488534927368,2.5281102657318115,2.74651837348938
27.27166175842285,8.755958676338196,17.122722864151,0.21841416358947754,0.024192517995834353,0.036844944953918456,2.528111219406128,2.746521234512329
27.27167844772339,8.755981922149658,17.12272882461548,0.21841421127319338,0.024192385375499725,0.036845001578330996,2.5281121730804443,2.7465240955352783
27.271699905395508,8.756004571914673,17.122732400894165,0.2184142827987671,0.0241922527551651,0.03684504926204681,2.5281131267547607,2.7465269565582275
27.271718978881836,8.756027221679688,17.122739553451538,0.21841435432434084,0.024192121624946595,0.03684510886669159,2.5281145572662354,2.7465298175811768
27.271738052368164,8.756048679351807,17.122745513916016,0.21841442584991455,0.024191996455192568,0.03684515953063965,2.5281155109405518,2.7465322017669678
27.271757125854492,8.756070137023926,17.122749090194702,0.2184145212173462,0.02419187426567078,0.03684521019458771,2.528116464614868,2.746535062789917
27.27177619934082,8.756091594696045,17.12275505065918,0.21841459274291994,0.02419175505638123,0.036845257878303526,2.5281174182891846,2.746537923812866
27.271792888641357,8.756113052368164,17.122762203216553,0.21841466426849365,0.024191637337207795,0.03684530258178711,2.528118371963501,2.7465405464172363
27.271814346313477,8.75613272190094,17.12276577949524,0.2184147596359253,0.024191522598266603,0.03684534728527069,2.5281195640563965,2.7465431690216064
27.271831035614014,8.756152391433716,17.12277054786682,0.21841480731964114,0.02419141232967377,0.03684539198875427,2.528120517730713,2.7465455532073975
27.27184772491455,8.756171464920044,17.122775316238403,0.21841490268707275,0.024191303551197054,0.036845430731773376,2.5281217098236084,2.7465484142303467
27.271864414215088,8.756189942359924,17.122780084609985,0.2184149742126465,0.024191197752952576,0.0368454784154892,2.528122901916504,2.746551036834717
27.271881103515625,8.756210207939148,17.122786045074463,0.21841504573822024,0.02419109344482422,0.036845517158508305,2.5281238555908203,2.746553659439087
27.271900177001953,8.756228685379028,17.12278962135315,0.21841511726379395,0.024190989136695863,0.0368455559015274,2.5281248092651367,2.746556043624878
27.27191686630249,8.756246566772461,17.12279438972473,0.2184151887893677,0.024190886318683626,0.03684559464454651,2.528125762939453,2.746558427810669
27.271933555603027,8.756263852119446,17.12280035018921,0.2184152603149414,0.024190786480903628,0.036845633387565614,2.5281269550323486,2.746561050415039
27.271950244903564,8.756282329559326,17.122803926467896,0.21841533184051515,0.02419068515300751,0.036845675110816954,2.528127908706665,2.74656343460083
27.2719669342041,8.756300210952759,17.122809886932373,0.21841537952423096,0.02419058233499527,0.0368457168340683,2.5281288623809814,2.7465660572052
27.271981239318848,8.756317496299744,17.12281346321106,0.2184154748916626,0.024190483987331392,0.036845752596855165,2.528129816055298,2.7465686798095703
27.271997928619385,8.756335973739624,17.122817039489746,0.21841554641723634,0.024190382659435274,0.036845794320106505,2.5281307697296143,2.7465708255767822
27.272017002105713,8.756352663040161,17.122821807861328,0.21841561794281006,0.024190284311771393,0.036845827102661134,2.5281319618225098,2.7465734481811523
27.27203130722046,8.756370544433594,17.12282657623291,0.2184156656265259,0.024190182983875277,0.036845862865448,2.528132915496826,2.7465755939483643
27.272047996520996,8.756388425827026,17.122832536697388,0.21841576099395754,0.02419007867574692,0.0368459016084671,2.5281336307525635,2.7465784549713135
27.272067070007324,8.756405711174011,17.122836112976074,0.21841580867767335,0.02418998181819916,0.03684593439102173,2.528134822845459,2.7465808391571045
27.27208375930786,8.756422996520996,17.12284207344055,0.218415904045105,0.02418987900018692,0.03684597313404083,2.5281360149383545,2.7465834617614746
27.2721004486084,8.756440281867981,17.12284564971924,0.2184159755706787,0.024189779162406923,0.03684600591659546,2.528136968612671,2.7465856075286865
27.272114753723145,8.756457567214966,17.122851610183716,0.21841604709625245,0.0241896852850914,0.03684603869915009,2.5281379222869873,2.7465879917144775
27.27213144302368,8.756473064422607,17.122857570648193,0.21841609477996826,0.024189595878124238,0.03684606850147248,2.5281388759613037,2.7465906143188477
27.272145748138428,8.756486773490906,17.122862339019775,0.2184161901473999,0.02418951690196991,0.03684609532356262,2.52813982963562,2.7465927600860596
27.272162437438965,8.756499886512756,17.122864723205566,0.21841623783111574,0.02418944239616394,0.036846119165420535,2.5281407833099365,2.7465949058532715
27.27217674255371,8.756511211395264,17.122870683670044,0.21841633319854736,0.02418937683105469,0.03684613704681396,2.528141736984253,2.7465970516204834
27.272191047668457,8.756521940231323,17.122873067855835,0.2184164047241211,0.024189317226409913,0.0368461549282074,2.5281426906585693,2.746598958969116
27.27220058441162,8.756532073020935,17.122877836227417,0.21841647624969485,0.024189263582229614,0.03684616386890412,2.5281436443328857,2.746600866317749
27.272212505340576,8.756539821624756,17.122881412506104,0.21841654777526856,0.024189212918281557,0.03684617578983307,2.528144359588623,2.746603012084961
27.27222442626953,8.756548166275024,17.12288498878479,0.2184166193008423,0.024189168214797975,0.036846181750297545,2.5281450748443604,2.7466046810150146
27.272236347198486,8.756555318832397,17.122888565063477,0.2184166669845581,0.024189127981662752,0.036846193671226504,2.5281457901000977,2.7466063499450684
27.27224826812744,8.756563067436218,17.122890949249268,0.21841676235198976,0.024189090728759768,0.03684619963169098,2.528146505355835,2.746608018875122
27.272255420684814,8.756569623947144,17.122894525527954,0.21841681003570557,0.0241890549659729,0.03684620261192322,2.5281472206115723,2.7466094493865967
27.27226734161377,8.756575584411621,17.122896909713745,0.2184168577194214,0.024189023673534395,0.03684620261192322,2.5281479358673096,2.7466108798980713
27.27227210998535,8.756580352783203,17.12290048599243,0.21841692924499512,0.024188992381095887,0.03684621155261993,2.528148889541626,2.746612310409546
27.272284030914307,8.756585121154785,17.122902870178223,0.21841697692871095,0.02418896406888962,0.036846217513084416,2.528149366378784,2.7466135025024414
27.27229118347168,8.756590485572815,17.122904062271118,0.21841700077056886,0.02418893873691559,0.036846214532852174,2.5281500816345215,2.746614694595337
27.272298336029053,8.75659465789795,17.122907638549805,0.21841704845428467,0.02418891489505768,0.036846214532852174,2.5281505584716797,2.7466161251068115
27.272303104400635,8.756598234176636,17.122910022735596,0.2184170961380005,0.02418889403343201,0.036846214532852174,2.528151273727417,2.746617078781128
27.272310256958008,8.756601214408875,17.122913599014282,0.21841714382171631,0.024188874661922457,0.03684621155261993,2.528151750564575,2.7466185092926025
27.27231740951538,8.756604194641113,17.122914791107178,0.21841719150543215,0.024188859760761263,0.0368462085723877,2.5281522274017334,2.7466189861297607
27.272324562072754,8.756607174873352,17.122914791107178,0.21841723918914796,0.02418884336948395,0.0368462085723877,2.5281527042388916,2.746619939804077
27.272329330444336,8.756608366966248,17.12291717529297,0.21841728687286377,0.024188831448554993,0.03684620559215546,2.5281529426574707,2.7466208934783936
27.272334098815918,8.756611347198486,17.12291955947876,0.2184173107147217,0.0241888165473938,0.03684619963169098,2.528153419494629,2.74662184715271
27.2723388671875,8.756612539291382,17.12291955947876,0.2184173345565796,0.024188807606697085,0.03684619069099426,2.528153896331787,2.7466228008270264
27.27234125137329,8.756613731384277,17.122923135757446,0.2184173583984375,0.024188803136348726,0.03684618771076203,2.528154134750366,2.7466235160827637
27.272346019744873,8.756613731384277,17.12292194366455,0.21841740608215332,0.02418879717588425,0.036846181750297545,2.5281546115875244,2.746623992919922
27.272353172302246,8.756614327430725,17.122924327850342,0.21841742992401125,0.02418879270553589,0.036846172809600834,2.5281548500061035,2.746624708175659
27.272353172302246,8.756614327430725,17.122926712036133,0.21841745376586916,0.024188794195652008,0.03684616684913635,2.5281553268432617,2.7466251850128174
27.272357940673828,8.756613731384277,17.122926712036133,0.21841747760772706,0.02418879270553589,0.0368461549282074,2.5281553268432617,2.7466256618499756
27.272357940673828,8.756614327430725,17.122926712036133,0.21841752529144287,0.024188800156116488,0.036846140027046205,2.528155565261841,2.746626138687134
27.27236270904541,8.756611347198486,17.122926712036133,0.21841752529144287,0.024188804626464847,0.03684613406658173,2.52815580368042,2.746626615524292
27.27236270904541,8.75661015510559,17.12293028831482,0.2184175729751587,0.024188812077045443,0.03684612214565277,2.528156042098999,2.746626853942871
27.27236270904541,8.756608963012695,17.122929096221924,0.2184175968170166,0.02418881952762604,0.03684611022472382,2.528156042098999,2.7466273307800293
27.272367477416992,8.7566077709198,17.122929096221924,0.2184175968170166,0.024188828468322755,0.03684609532356262,2.5281565189361572,2.7466273307800293
27.2723650932312,8.756605386734009,17.122931480407715,0.21841762065887452,0.02418884336948395,0.036846086382865906,2.5281565189361572,2.7466278076171875
27.2723650932312,8.756601810455322,17.122929096221924,0.21841764450073242,0.024188859760761263,0.036846065521240236,2.5281565189361572,2.7466275691986084
27.2723650932312,8.756598830223083,17.122929096221924,0.21841764450073242,0.024188873171806336,0.03684605360031128,2.5281567573547363,2.7466280460357666
27.2723650932312,8.756595849990845,17.12293028831482,0.21841764450073242,0.024188891053199768,0.03684603571891785,2.5281569957733154,2.7466280460357666
27.27236270904541,8.756592273712158,17.12293028831482,0.21841766834259035,0.02418891191482544,0.036846020817756654,2.5281569957733154,2.7466282844543457
27.27236270904541,8.756587505340576,17.12293028831482,0.21841766834259035,0.024188929796218873,0.03684600293636322,2.5281569957733154,2.7466280460357666
27.27236270904541,8.75658392906189,17.122929096221924,0.21841769218444826,0.024188953638076785,0.036845988035202025,2.5281569957733154,2.7466280460357666
27.27236270904541,8.756579160690308,17.122929096221924,0.21841771602630616,0.024188978970050814,0.03684597313404083,2.5281569957733154,2.7466280460357666
27.27236270904541,8.756575584411621,17.12292790412903,0.21841771602630616,0.024189002811908722,0.0368459552526474,2.5281572341918945,2.7466282844543457
27.27236270904541,8.756570219993591,17.12292790412903,0.21841771602630616,0.024189028143882754,0.03684593439102173,2.5281569957733154,2.7466280460357666
27.272357940673828,8.75656545162201,17.12292790412903,0.21841771602630616,0.024189053475856783,0.0368459165096283,2.5281572341918945,2.7466278076171875
27.272355556488037,8.75656008720398,17.122926712036133,0.21841771602630616,0.02418908178806305,0.036845892667770386,2.5281569957733154,2.7466278076171875
27.272353172302246,8.756555318832397,17.122924327850342,0.21841771602630616,0.02418911010026932,0.03684587776660919,2.5281572341918945,2.7466275691986084
27.272353172302246,8.756551146507263,17.122924327850342,0.21841773986816407,0.024189138412475587,0.036845850944519046,2.5281574726104736,2.7466275691986084
27.272353172302246,8.756546378135681,17.122924327850342,0.21841773986816407,0.024189165234565737,0.03684583306312561,2.5281574726104736,2.7466275691986084
27.272353172302246,8.7565416097641,17.122923135757446,0.21841776371002197,0.024189189076423645,0.03684581220149994,2.5281572341918945,2.7466275691986084
27.272350788116455,8.756538033485413,17.122924327850342,0.2184177875518799,0.02418920993804932,0.036845797300338747,2.5281574726104736,2.7466275691986084
27.272350788116455,8.756533861160278,17.122923135757446,0.2184178113937378,0.024189236760139468,0.036845776438713077,2.5281577110290527,2.7466275691986084
27.272348403930664,8.756530284881592,17.12292194366455,0.2184178113937378,0.024189263582229614,0.036845755577087407,2.528157949447632,2.7466278076171875
27.272346019744873,8.756523728370667,17.12292194366455,0.2184178113937378,0.024189291894435885,0.03684573471546173,2.528157949447632,2.7466275691986084
27.272346019744873,8.756517767906189,17.122920751571655,0.2184178113937378,0.02418932765722275,0.03684570789337158,2.528157949447632,2.7466275691986084
27.2723388671875,8.756510019302368,17.122918367385864,0.2184178113937378,0.024189370870590213,0.03684568405151367,2.5281577110290527,2.74662709236145
27.27233648300171,8.7565016746521,17.122914791107178,0.2184178113937378,0.024189418554306032,0.036845654249191284,2.5281574726104736,2.746626615524292
27.272326946258545,8.756492137908936,17.122913599014282,0.2184178113937378,0.02418947070837021,0.036845624446868896,2.5281572341918945,2.7466259002685547
27.272319793701172,8.756480813026428,17.122912406921387,0.2184177875518799,0.024189530313014986,0.03684558868408203,2.5281567573547363,2.7466251850128174
27.272310256958008,8.756469488143921,17.1229088306427,0.21841776371002197,0.024189598858356476,0.03684555292129517,2.5281565189361572,2.7466237545013428
27.272300720214844,8.75645637512207,17.122905254364014,0.21841771602630616,0.02418966889381409,0.036845517158508305,2.528156042098999,2.746622323989868
27.27229118347168,8.756442070007324,17.12290048599243,0.21841766834259035,0.02418974339962006,0.0368454784154892,2.5281553268432617,2.7466208934783936
27.272276878356934,8.75642716884613,17.12289810180664,0.21841764450073242,0.024189825356006625,0.036845439672470094,2.5281548500061035,2.746619462966919
27.27226495742798,8.756412267684937,17.12289333343506,0.21841762065887452,0.02418990880250931,0.03684539198875427,2.528154134750366,2.746617555618286
27.272255420684814,8.756396174430847,17.122888565063477,0.2184175491333008,0.024189993739128113,0.03684535324573517,2.528153419494629,2.7466161251068115
27.27224111557007,8.756380081176758,17.122886180877686,0.21841750144958497,0.024190083146095276,0.03684530854225159,2.5281527042388916,2.7466142177581787
27.272229194641113,8.75636339187622,17.122880220413208,0.21841745376586916,0.0241901695728302,0.036845269799232486,2.528151750564575,2.746612310409546
27.272212505340576,8.756346702575684,17.12287664413452,0.21841738224029542,0.024190260469913485,0.036845225095748904,2.528151035308838,2.746610403060913
27.27219581604004,8.756330013275146,17.12287187576294,0.2184173583984375,0.024190349876880648,0.03684518337249756,2.5281503200531006,2.7466084957122803
27.272183895111084,8.756314516067505,17.122865915298462,0.21841728687286377,0.024190440773963928,0.03684514164924622,2.528149366378784,2.7466065883636475
27.272169589996338,8.756297826766968,17.122862339019775,0.21841723918914796,0.024190528690814974,0.036845096945762636,2.5281484127044678,2.7466042041778564
27.2721529006958,8.75628113746643,17.122857570648193,0.21841716766357422,0.024190618097782137,0.036845055222511296,2.5281474590301514,2.7466022968292236
27.272138595581055,8.756265640258789,17.122853994369507,0.2184171199798584,0.02419070303440094,0.03684501647949219,2.528146505355835,2.74660062789917
27.2721266746521,8.756248950958252,17.12285041809082,0.2184170722961426,0.024190792441368104,0.03684497475624084,2.5281460285186768,2.746598482131958
27.272109985351562,8.75623345375061,17.12284564971924,0.21841700077056886,0.024190880358219147,0.036844936013221745,2.5281450748443604,2.746596574783325
27.272098064422607,8.756216764450073,17.122840881347656,0.21841695308685305,0.024190966784954072,0.0368448942899704,2.528144121170044,2.7465946674346924
27.27208137512207,8.756201267242432,17.122836112976074,0.2184168815612793,0.024191054701805118,0.03684485256671906,2.5281434059143066,2.7465925216674805
27.272067070007324,8.756184577941895,17.122831344604492,0.2184168338775635,0.024191145598888398,0.03684481084346771,2.5281424522399902,2.7465906143188477
27.27205514907837,8.75616729259491,17.122827768325806,0.21841678619384766,0.02419123947620392,0.03684476912021637,2.528141736984253,2.746588706970215
27.272038459777832,8.756150007247925,17.122822999954224,0.21841673851013185,0.02419133484363556,0.03684472441673279,2.5281407833099365,2.746586561203003
27.272024154663086,8.756132125854492,17.122817039489746,0.2184166669845581,0.02419143468141556,0.03684467971324921,2.5281403064727783,2.746584415435791
27.27200984954834,8.75611424446106,17.12281346321106,0.2184166193008423,0.02419153451919556,0.036844632029533385,2.528139352798462,2.746582269668579
27.27199077606201,8.756095170974731,17.122808694839478,0.21841657161712646,0.024191638827323916,0.03684458434581757,2.5281383991241455,2.746580123901367
27.271976470947266,8.756076097488403,17.122802734375,0.21841647624969485,0.024191743135452273,0.036844536662101746,2.528137445449829,2.7465779781341553
27.27196216583252,8.75605821609497,17.122797966003418,0.21841645240783691,0.024191853404045106,0.03684448897838593,2.528136968612671,2.7465758323669434
27.271945476531982,8.756038546562195,17.122793197631836,0.2184163570404053,0.024191963672637942,0.036844438314437865,2.5281357765197754,2.7465736865997314
27.271928787231445,8.756017684936523,17.12278723716736,0.21841630935668946,0.024192075431346896,0.03684438169002533,2.528135061264038,2.7465713024139404
27.271909713745117,8.7559974193573,17.122783660888672,0.21841623783111574,0.024192191660404205,0.03684433400630951,2.5281341075897217,2.7465686798095703
27.27189540863037,8.75597596168518,17.122777700424194,0.2184161901473999,0.02419230937957764,0.036844280362129216,2.5281331539154053,2.7465665340423584
27.271876335144043,8.755955696105957,17.122771739959717,0.2184161424636841,0.02419243305921555,0.036844223737716675,2.528132200241089,2.7465639114379883
27.271859645843506,8.755933046340942,17.12276577949524,0.21841604709625245,0.024192553758621217,0.03684416711330414,2.5281312465667725,2.746561288833618
27.271840572357178,8.755910992622375,17.122762203216553,0.2184159755706787,0.024192677438259126,0.03684412240982056,2.528130292892456,2.7465591430664062
27.27181911468506,8.755887746810913,17.12275505065918,0.2184159278869629,0.024192802608013153,0.03684405982494354,2.5281293392181396,2.746556282043457
27.27180004119873,8.755865097045898,17.122749090194702,0.21841585636138916,0.02419293373823166,0.03684400320053101,2.528128147125244,2.746553659439087
27.271780967712402,8.755842447280884,17.122743129730225,0.21841580867767335,0.024193066358566287,0.03684394061565399,2.5281269550323486,2.7465507984161377
27.271761894226074,8.755818605422974,17.12273597717285,0.2184157133102417,0.02419319897890091,0.03684388399124146,2.5281260013580322,2.7465481758117676
27.271742820739746,8.755794763565063,17.12273120880127,0.21841561794281006,0.024193334579467776,0.03684382736682892,2.528125047683716,2.7465453147888184
27.271723747253418,8.755770921707153,17.122725248336792,0.21841557025909425,0.024193470180034638,0.03684376478195191,2.5281238555908203,2.74654221534729
27.2717022895813,8.755745887756348,17.12271809577942,0.2184154748916626,0.024193610250949862,0.036843708157539366,2.528122663497925,2.746539354324341
27.27167844772339,8.755720257759094,17.12271213531494,0.2184154272079468,0.024193747341632845,0.036843642592430115,2.52812123298645,2.7465364933013916
27.27165699005127,8.755696415901184,17.12270736694336,0.21841530799865724,0.024193890392780304,0.03684358298778534,2.528120279312134,2.7465333938598633
27.27163553237915,8.755670189857483,17.122701406478882,0.2184152364730835,0.024194033443927766,0.03684352040290833,2.528118848800659,2.746530294418335
27.27161407470703,8.75564455986023,17.12269425392151,0.2184151887893677,0.024194177985191346,0.03684345781803131,2.5281178951263428,2.7465271949768066
27.271595001220703,8.755618929862976,17.12268590927124,0.21841506958007814,0.024194325506687167,0.036843395233154295,2.5281167030334473,2.7465240955352783
27.271568775177002,8.755592107772827,17.122678756713867,0.2184149980545044,0.024194473028182985,0.036843332648277285,2.5281155109405518,2.74652099609375
27.271549701690674,8.755565881729126,17.12267518043518,0.21841490268707275,0.024194622039794923,0.03684326112270355,2.528114080429077,2.7465178966522217
27.271528244018555,8.755539059638977,17.122668027877808,0.21841483116149904,0.02419477552175522,0.03684319853782654,2.5281131267547607,2.7465147972106934
27.271504402160645,8.755512237548828,17.12266206741333,0.2184147596359253,0.024194929003715518,0.036843135952949524,2.528111696243286,2.746511220932007
27.271480560302734,8.755484819412231,17.122654914855957,0.21841466426849365,0.024195080995559694,0.03684307038784027,2.5281105041503906,2.7465083599090576
27.271459102630615,8.755456805229187,17.122647762298584,0.21841456890106203,0.02419524192810059,0.0368429958820343,2.528109312057495,2.74650502204895
27.271437644958496,8.755428194999695,17.122642993927002,0.2184144973754883,0.024195401370525362,0.03684293031692505,2.5281081199645996,2.7465014457702637
27.271413803100586,8.755398988723755,17.122637033462524,0.21841442584991455,0.024195569753646853,0.03684285879135132,2.528106927871704,2.7464983463287354
27.271389961242676,8.755369186401367,17.122628688812256,0.21841433048248293,0.02419573813676834,0.03684278726577759,2.5281057357788086,2.746494770050049
27.271366119384766,8.755338191986084,17.122623920440674,0.2184142351150513,0.024195916950702667,0.03684270977973938,2.528104066848755,2.7464911937713623
27.271339893341064,8.755305409431458,17.122615575790405,0.21841416358947754,0.024196100234985352,0.036842632293701175,2.5281031131744385,2.746487617492676
27.271316051483154,8.755271434783936,17.122609615325928,0.2184140682220459,0.024196295440196993,0.03684255182743073,2.528101682662964,2.746483564376831
27.271287441253662,8.755236268043518,17.12260127067566,0.21841397285461428,0.02419649660587311,0.036842459440231325,2.5281002521514893,2.7464799880981445
27.27125644683838,8.755199909210205,17.12259292602539,0.21841387748718263,0.024196708202362062,0.0368423730134964,2.5280988216400146,2.7464759349823
27.271230220794678,8.75516414642334,17.122583389282227,0.218413782119751,0.024196922779083252,0.03684228360652924,2.52809739112854,2.746471643447876
27.271199226379395,8.755126595497131,17.12257742881775,0.21841366291046144,0.024197137355804445,0.036842188239097594,2.5280957221984863,2.746467351913452
27.271170616149902,8.755088448524475,17.122567892074585,0.2184135675430298,0.024197357892990115,0.03684210181236267,2.5280942916870117,2.7464630603790283
27.271137237548828,8.755050897598267,17.12255835533142,0.21841344833374024,0.024197576940059664,0.03684200942516327,2.528092861175537,2.7464585304260254
27.271108627319336,8.755013346672058,17.122550010681152,0.2184133529663086,0.024197795987129213,0.03684192597866059,2.5280911922454834,2.7464540004730225
27.271080017089844,8.754976987838745,17.12254047393799,0.21841323375701904,0.024198006093502047,0.03684183359146118,2.5280895233154297,2.7464494705200195
27.27104902267456,8.754942417144775,17.122533321380615,0.21841313838958742,0.024198204278945923,0.03684175312519074,2.528088092803955,2.7464451789855957
27.27102279663086,8.754909038543701,17.122526168823242,0.21841301918029787,0.024198393523693087,0.036841681599617,2.5280861854553223,2.746440887451172
27.270989418029785,8.754878044128418,17.122517824172974,0.21841289997100832,0.024198575317859652,0.036841607093811034,2.5280847549438477,2.746436834335327
27.270965576171875,8.754847645759583,17.1225106716156,0.21841278076171877,0.024198743700981143,0.036841544508934024,2.528083086013794,2.7464330196380615
27.270939350128174,8.75481903553009,17.122503519058228,0.21841268539428713,0.024198907613754275,0.03684147894382477,2.5280816555023193,2.746429204940796
27.270913124084473,8.754792213439941,17.122496366500854,0.21841256618499758,0.024199059605598452,0.03684142529964447,2.5280802249908447,2.7464253902435303
27.270889282226562,8.75476598739624,17.122490406036377,0.21841247081756593,0.024199205636978152,0.0368413656949997,2.52807879447937,2.7464218139648438
27.270867824554443,8.754740953445435,17.122483253479004,0.21841237545013428,0.024199345707893373,0.036841318011283875,2.5280773639678955,2.7464184761047363
27.270848751068115,8.754717111587524,17.122479677200317,0.21841230392456057,0.02419948130846024,0.036841264367103575,2.528076171875,2.746415376663208
27.270827293395996,8.754695057868958,17.12247371673584,0.21841220855712892,0.024199607968330386,0.03684121668338776,2.5280749797821045,2.7464120388031006
27.270808219909668,8.75467300415039,17.122468948364258,0.21841213703155518,0.024199733138084413,0.03684117197990418,2.528073787689209,2.7464094161987305
27.27078914642334,8.754651546478271,17.12246298789978,0.21841204166412354,0.024199849367141726,0.03684113323688507,2.5280725955963135,2.7464065551757812
27.270772457122803,8.754632472991943,17.122459411621094,0.21841194629669192,0.02419996559619904,0.03684108555316925,2.528071880340576,2.746403694152832
27.270755767822266,8.754613399505615,17.12245464324951,0.21841189861297608,0.024200072884559633,0.036841049790382385,2.5280706882476807,2.746401309967041
27.270736694335938,8.75459611415863,17.12245225906372,0.21841185092926027,0.02420017570257187,0.03684101402759552,2.5280699729919434,2.746398687362671
27.270724773406982,8.754580020904541,17.12244749069214,0.21841175556182862,0.02420027256011963,0.03684097826480866,2.528068780899048,2.74639630317688
27.270710468292236,8.754562735557556,17.122445106506348,0.21841170787811282,0.02420036643743515,0.03684094846248627,2.5280678272247314,2.746394395828247
27.2706937789917,8.75454843044281,17.12244153022766,0.21841166019439698,0.024200451374053956,0.03684091567993164,2.5280673503875732,2.746392250061035
27.270681858062744,8.754534721374512,17.122437953948975,0.21841161251068117,0.024200533330440522,0.036840888857841494,2.528066635131836,2.7463901042938232
27.27067232131958,8.754521608352661,17.122435569763184,0.21841156482696533,0.02420060783624649,0.03684086501598358,2.5280659198760986,2.7463881969451904
27.270660400390625,8.754510879516602,17.122433185577393,0.21841151714324952,0.024200674891471863,0.03684085309505463,2.5280652046203613,2.7463865280151367
27.27065086364746,8.754500150680542,17.122431993484497,0.2184114694595337,0.02420073598623276,0.036840832233428954,2.528064727783203,2.746385097503662
27.270643711090088,8.754491209983826,17.1224308013916,0.21841142177581788,0.024200791120529176,0.03684081733226776,2.528064250946045,2.7463834285736084
27.270634174346924,8.754484057426453,17.12242841720581,0.21841137409210207,0.024200840294361117,0.03684080839157105,2.5280635356903076,2.746382236480713
27.27062702178955,8.75447690486908,17.122427225112915,0.21841137409210207,0.02420088201761246,0.03684079945087433,2.5280630588531494,2.7463808059692383
27.27062463760376,8.754470944404602,17.12242603302002,0.21841132640838623,0.024200919270515445,0.036840793490409855,2.5280630588531494,2.746380090713501
27.270617485046387,8.754467368125916,17.122424840927124,0.21841127872467042,0.02420094609260559,0.03684078752994537,2.528062582015991,2.7463788986206055
27.270612716674805,8.754463791847229,17.122424840927124,0.21841127872467042,0.024200966954231264,0.036840790510177614,2.528062105178833,2.7463784217834473
27.270610332489014,8.75446081161499,17.12242364883423,0.21841125488281252,0.024200984835624696,0.036840790510177614,2.528062105178833,2.74637770652771
27.270607948303223,8.754462003707886,17.12242364883423,0.2184112310409546,0.024200993776321414,0.036840802431106566,2.528062105178833,2.7463772296905518
27.270607948303223,8.754461407661438,17.122424840927124,0.2184112310409546,0.02420099824666977,0.03684080541133881,2.528061866760254,2.7463767528533936
27.27060556411743,8.754462599754333,17.12242364883423,0.2184112310409546,0.024200993776321414,0.03684081733226776,2.528061628341675,2.7463762760162354
27.27060556411743,8.754464387893677,17.12242364883423,0.21841120719909668,0.024200984835624696,0.03684082925319672,2.528061628341675,2.7463765144348145
27.270607948303223,8.754468560218811,17.12242603302002,0.21841120719909668,0.02420097291469574,0.03684084415435791,2.528061628341675,2.7463762760162354
27.270610332489014,8.754472136497498,17.122427225112915,0.21841120719909668,0.024200953543186188,0.03684086501598358,2.528061866760254,2.7463765144348145
27.270615100860596,8.754477500915527,17.12242841720581,0.21841118335723878,0.02420092821121216,0.03684088289737702,2.528061866760254,2.7463769912719727
27.270615100860596,8.754484057426453,17.12242841720581,0.21841120719909668,0.024200895428657533,0.03684090375900269,2.528062105178833,2.7463772296905518
27.270619869232178,8.75449001789093,17.1224308013916,0.21841120719909668,0.024200862646102907,0.036840930581092834,2.528062343597412,2.746377468109131
27.27062463760376,8.754497766494751,17.122431993484497,0.2184112310409546,0.024200823903083802,0.03684095740318299,2.528062582015991,2.746378183364868
27.270631790161133,8.754505515098572,17.122434377670288,0.2184112310409546,0.02420078217983246,0.03684099018573761,2.528062582015991,2.7463786602020264
27.270636558532715,8.754514455795288,17.12243676185608,0.2184112310409546,0.02420073449611664,0.03684101998806,2.5280630588531494,2.7463796138763428
27.270641326904297,8.754523992538452,17.122437953948975,0.21841125488281252,0.02420068234205246,0.03684105575084686,2.5280632972717285,2.746380090713501
27.27064847946167,8.754534125328064,17.122440338134766,0.21841125488281252,0.02420063316822052,0.036841082572937014,2.5280635356903076,2.7463810443878174
27.270655632019043,8.754543662071228,17.122445106506348,0.21841125488281252,0.024200579524040224,0.03684111535549164,2.5280637741088867,2.7463812828063965
27.270660400390625,8.75455379486084,17.122446298599243,0.21841130256652833,0.02420051991939545,0.036841148138046266,2.528064012527466,2.746382236480713
27.27066993713379,8.754565119743347,17.12244749069214,0.21841130256652833,0.02420046180486679,0.036841177940368654,2.528064250946045,2.7463831901550293
27.27067470550537,8.754576444625854,17.12244749069214,0.21841132640838623,0.024200406670570374,0.036841222643852235,2.528064489364624,2.7463839054107666
27.270681858062744,8.754587769508362,17.122451066970825,0.21841132640838623,0.02420034408569336,0.036841255426406865,2.528064727783203,2.746384382247925
27.270689010620117,8.754597902297974,17.122451066970825,0.21841132640838623,0.024200284481048585,0.03684129416942596,2.5280649662017822,2.746385335922241
27.270689010620117,8.754609227180481,17.122455835342407,0.21841132640838623,0.024200221896171572,0.036841329932212834,2.5280652046203613,2.7463858127593994
27.27069616317749,8.754619359970093,17.122457027435303,0.21841132640838623,0.024200163781642914,0.03684136867523193,2.5280652046203613,2.7463862895965576
27.27069854736328,8.754630088806152,17.122457027435303,0.21841132640838623,0.024200108647346497,0.03684140145778656,2.5280652046203613,2.746386766433716
27.270705699920654,8.754640221595764,17.122457027435303,0.21841130256652833,0.02420005202293396,0.0368414431810379,2.5280654430389404,2.746387243270874
27.270712852478027,8.75465214252472,17.122459411621094,0.21841130256652833,0.02419998645782471,0.03684148490428925,2.5280654430389404,2.7463877201080322
27.27071523666382,8.754665851593018,17.122461795806885,0.21841127872467042,0.02419991195201874,0.03684152662754059,2.5280654430389404,2.7463884353637695
27.27072238922119,8.754679560661316,17.122464179992676,0.21841130256652833,0.024199831485748294,0.036841577291488646,2.5280656814575195,2.746389627456665
27.270731925964355,8.7546968460083,17.12246537208557,0.21841132640838623,0.024199737608432772,0.03684162795543671,2.5280661582946777,2.7463905811309814
27.27074384689331,8.754715323448181,17.122468948364258,0.21841135025024416,0.024199628829956056,0.036841687560081486,2.528066396713257,2.746392011642456
27.270758152008057,8.7547367811203,17.122472524642944,0.21841137409210207,0.024199511110782626,0.036841750144958496,2.528067111968994,2.746393918991089
27.270772457122803,8.754760026931763,17.12247610092163,0.21841139793395997,0.02419938445091248,0.03684181571006775,2.5280678272247314,2.746396064758301
27.27078914642334,8.754783868789673,17.122483253479004,0.21841144561767578,0.024199242889881137,0.03684188425540924,2.5280683040618896,2.7463982105255127
27.270808219909668,8.754810690879822,17.122485637664795,0.21841149330139162,0.024199095368385316,0.03684196174144745,2.528069496154785,2.7464005947113037
27.270827293395996,8.754838109016418,17.122492790222168,0.21841154098510743,0.02419894337654114,0.03684203624725342,2.5280702114105225,2.746403455734253
27.270846366882324,8.75486671924591,17.12249755859375,0.21841161251068117,0.024198783934116366,0.03684211075305939,2.528071165084839,2.746406078338623
27.270870208740234,8.754894733428955,17.122504711151123,0.21841166019439698,0.02419862151145935,0.036842191219329835,2.5280725955963135,2.7464091777801514
27.270889282226562,8.754924535751343,17.12250828742981,0.21841175556182862,0.024198457598686218,0.03684227168560028,2.52807354927063,2.7464120388031006
27.27091073989868,8.75495433807373,17.122516632080078,0.21841180324554443,0.024198290705680848,0.03684235513210297,2.5280745029449463,2.746415376663208
27.270936965942383,8.754984140396118,17.12252140045166,0.21841189861297608,0.02419811934232712,0.03684243261814118,2.5280754566192627,2.7464182376861572
27.27095603942871,8.755014538764954,17.122528553009033,0.21841194629669192,0.024197950959205627,0.03684250712394715,2.5280768871307373,2.7464210987091064
27.27097511291504,8.755044937133789,17.122533321380615,0.21841199398040773,0.02419778108596802,0.03684258759021759,2.528078079223633,2.746424674987793
27.27100133895874,8.755074739456177,17.12254047393799,0.21841208934783937,0.024197612702846528,0.03684266805648804,2.52807879447937,2.7464277744293213
27.27102279663086,8.755104541778564,17.12254524230957,0.21841213703155518,0.0241974413394928,0.03684274256229401,2.5280797481536865,2.7464306354522705
27.27104425430298,8.755134344100952,17.122550010681152,0.21841220855712892,0.02419727146625519,0.03684282898902893,2.528081178665161,2.7464334964752197
27.271065711975098,8.75516414642334,17.122557163238525,0.21841228008270264,0.02419710457324982,0.0368429034948349,2.5280821323394775,2.746436595916748
27.271084785461426,8.755192756652832,17.122561931610107,0.21841232776641847,0.02419693619012833,0.03684298396110535,2.528083086013794,2.7464394569396973
27.271106243133545,8.75522255897522,17.122567892074585,0.21841237545013428,0.024196767807006837,0.03684306740760803,2.5280842781066895,2.7464425563812256
27.271130084991455,8.75525176525116,17.122572660446167,0.21841244697570802,0.024196599423885346,0.036843138933181765,2.528085231781006,2.746445894241333
27.271149158477783,8.7552809715271,17.122578620910645,0.21841251850128174,0.024196431040763855,0.03684321939945221,2.5280861854553223,2.7464487552642822
27.271170616149902,8.755311369895935,17.122583389282227,0.21841259002685548,0.024196261167526247,0.03684329688549042,2.5280871391296387,2.7464513778686523
27.271194458007812,8.755340576171875,17.1225905418396,0.21841261386871338,0.024196092784404755,0.03684337139129639,2.528088092803955,2.7464544773101807
27.27121353149414,8.755369186401367,17.12259531021118,0.21841270923614503,0.024195925891399385,0.036843451857566836,2.5280892848968506,2.74645733833313
27.27123498916626,8.755398988723755,17.12260127067566,0.21841275691986084,0.024195754528045656,0.03684352934360504,2.528090238571167,2.746460199356079
27.271254062652588,8.755427598953247,17.122608423233032,0.21841282844543458,0.024195584654808047,0.03684360384941101,2.5280911922454834,2.7464632987976074
27.271277904510498,8.755456805229187,17.12261438369751,0.21841289997100832,0.024195414781570435,0.03684368431568146,2.5280919075012207,2.7464663982391357
27.271296977996826,8.755486011505127,17.122617959976196,0.21841294765472413,0.024195243418216706,0.03684376478195191,2.528092861175537,2.746469259262085
27.271318435668945,8.755515813827515,17.122623920440674,0.21841299533843994,0.024195078015327456,0.0368438333272934,2.5280940532684326,2.7464723587036133
27.271339893341064,8.755544424057007,17.122631072998047,0.21841306686401368,0.024194905161857606,0.036843910813331604,2.528095006942749,2.7464752197265625
27.271358966827393,8.755573630332947,17.12263584136963,0.21841313838958742,0.024194735288619998,0.03684398531913757,2.5280959606170654,2.746478319168091
27.27138042449951,8.755602836608887,17.122642993927002,0.21841320991516114,0.024194565415382386,0.036844062805175784,2.528096914291382,2.746481418609619
27.271404266357422,8.755632638931274,17.12264895439148,0.21841325759887698,0.024194395542144777,0.03684413433074951,2.5280978679656982,2.7464845180511475
27.27142333984375,8.755661845207214,17.122656106948853,0.2184133291244507,0.024194228649139407,0.03684420883655548,2.5280990600585938,2.7464873790740967
27.27144718170166,8.755689859390259,17.12266206741333,0.21841337680816653,0.024194060266017916,0.03684428632259369,2.5281002521514893,2.746490240097046
27.27147102355957,8.755717277526855,17.122669219970703,0.21841344833374024,0.0241938978433609,0.03684435188770294,2.5281012058258057,2.7464935779571533
27.2714900970459,8.755747079849243,17.122673988342285,0.21841354370117189,0.02419373393058777,0.03684442639350891,2.528102159500122,2.7464966773986816
27.27151393890381,8.75577449798584,17.122681140899658,0.21841361522674563,0.024193571507930757,0.03684449791908264,2.5281031131744385,2.746500015258789
27.271533012390137,8.755802512168884,17.12268590927124,0.21841366291046144,0.024193410575389863,0.03684456646442413,2.528104305267334,2.7465031147003174
27.271554470062256,8.755829334259033,17.122691869735718,0.21841375827789308,0.02419325262308121,0.03684462904930115,2.5281054973602295,2.7465059757232666
27.271575927734375,8.75585675239563,17.122697830200195,0.2184138298034668,0.024193096160888675,0.03684470057487488,2.528106689453125,2.746508836746216
27.271595001220703,8.755882382392883,17.12270498275757,0.21841390132904054,0.024192944169044495,0.036844763159751895,2.5281076431274414,2.746511936187744
27.271618843078613,8.755908608436584,17.12270975112915,0.21841399669647218,0.024192795157432556,0.036844825744628905,2.528108835220337,2.7465150356292725
27.271640300750732,8.755934238433838,17.122716903686523,0.218414044380188,0.024192650616168977,0.03684488832950592,2.5281097888946533,2.746518135070801
27.27166175842285,8.755959272384644,17.122721672058105,0.21841413974761964,0.024192507565021518,0.0368449479341507,2.528110980987549,2.746521234512329
27.27168083190918,8.755983114242554,17.12272882461548,0.21841421127319338,0.024192366003990176,0.03684500753879547,2.5281121730804443,2.7465240955352783
27.27170467376709,8.756007552146912,17.122734785079956,0.2184142827987671,0.02419222891330719,0.036845064163208006,2.52811336517334,2.7465269565582275
27.271721363067627,8.756030797958374,17.122740745544434,0.21841435432434084,0.024192094802856445,0.03684511184692383,2.5281145572662354,2.746530294418335
27.271742820739746,8.756054043769836,17.122745513916016,0.21841444969177248,0.02419196665287018,0.03684516847133636,2.5281155109405518,2.746532917022705
27.271759510040283,8.756076097488403,17.122751474380493,0.2184145212173462,0.024191839993000033,0.03684522211551666,2.528116464614868,2.746535539627075
27.271780967712402,8.756097555160522,17.12275743484497,0.21841459274291994,0.024191716313362123,0.036845269799232486,2.5281178951263428,2.7465386390686035
27.27180004119873,8.756118416786194,17.122762203216553,0.2184147119522095,0.024191598594188693,0.0368453174829483,2.528118848800659,2.7465412616729736
27.27182149887085,8.756139874458313,17.122766971588135,0.2184147596359253,0.02419148236513138,0.03684536218643188,2.5281198024749756,2.746544122695923
27.271838188171387,8.756160140037537,17.122772932052612,0.21841485500335694,0.024191369116306306,0.036845409870147706,2.528120994567871,2.746546506881714
27.271854877471924,8.756179809570312,17.122777700424194,0.2184149265289307,0.024191258847713473,0.03684544861316681,2.5281219482421875,2.746549367904663
27.271873950958252,8.756198287010193,17.122782468795776,0.2184149980545044,0.024191148579120636,0.03684549033641815,2.528123378753662,2.7465522289276123
27.271888256072998,8.756217360496521,17.122786045074463,0.21841506958007814,0.02419104129076004,0.0368455320596695,2.5281243324279785,2.7465546131134033
27.271907329559326,8.756237030029297,17.12279200553894,0.21841514110565186,0.024190938472747805,0.03684557378292084,2.528125524520874,2.7465572357177734
27.271924018859863,8.75625491142273,17.122797966003418,0.2184152126312256,0.024190832674503327,0.036845612525939944,2.5281264781951904,2.7465598583221436
27.27194309234619,8.756273984909058,17.122802734375,0.21841530799865724,0.02419072985649109,0.03684565126895905,2.528127431869507,2.7465624809265137
27.27196216583252,8.756292462348938,17.122806310653687,0.21841537952423096,0.02419062703847885,0.036845698952674866,2.5281283855438232,2.7465646266937256
27.271976470947266,8.75631034374237,17.122812271118164,0.2184154272079468,0.024190524220466615,0.03684573471546173,2.5281293392181396,2.746567487716675
27.271995544433594,8.756328225135803,17.12281584739685,0.21841552257537844,0.024190418422222137,0.036845776438713077,2.5281307697296143,2.746570110321045
27.27200984954834,8.756346702575684,17.122821807861328,0.21841559410095215,0.0241903156042099,0.03684581518173218,2.5281314849853516,2.746572256088257
27.272026538848877,8.756365180015564,17.12282657623291,0.2184156656265259,0.024190214276313782,0.036845850944519046,2.528132438659668,2.746575117111206
27.272043228149414,8.756382465362549,17.122831344604492,0.2184157133102417,0.024190112948417664,0.03684588670730591,2.5281336307525635,2.746577501296997
27.27205991744995,8.756400346755981,17.12283492088318,0.21841580867767335,0.024190010130405427,0.03684591948986054,2.52813458442688,2.746580123901367
27.27207660675049,8.756418228149414,17.122840881347656,0.2184158802032471,0.02418990731239319,0.03684595823287964,2.5281355381011963,2.7465827465057373
27.272095680236816,8.756435513496399,17.12284564971924,0.2184159517288208,0.02418980449438095,0.03684599399566651,2.528136730194092,2.7465851306915283
27.272112369537354,8.756452202796936,17.12285041809082,0.21841602325439455,0.024189709126949312,0.03684602975845337,2.528137683868408,2.7465875148773193
27.27212905883789,8.756468296051025,17.122856378555298,0.21841609477996826,0.02418961971998215,0.03684605956077576,2.5281386375427246,2.7465898990631104
27.272143363952637,8.756482601165771,17.122859954833984,0.218416166305542,0.024189537763595583,0.036846086382865906,2.528139591217041,2.7465922832489014
27.272157669067383,8.756495118141174,17.122865915298462,0.21841623783111574,0.024189463257789614,0.03684611022472382,2.5281405448913574,2.7465946674346924
27.27217197418213,8.756507635116577,17.12286949157715,0.21841633319854736,0.02418939471244812,0.03684612810611725,2.528141498565674,2.7465968132019043
27.272186279296875,8.756518363952637,17.122873067855835,0.2184163808822632,0.024189335107803345,0.03684614300727845,2.5281426906585693,2.746598720550537
27.27219820022583,8.756528496742249,17.12287664413452,0.21841647624969485,0.024189278483390808,0.03684615790843964,2.5281431674957275,2.74660062789917
27.272210121154785,8.756537437438965,17.122880220413208,0.21841654777526856,0.02418922781944275,0.03684616684913635,2.528144121170044,2.7466025352478027
27.27222442626953,8.756545782089233,17.122883796691895,0.2184165954589844,0.02418918311595917,0.03684617877006531,2.5281450748443604,2.7466042041778564
27.272233963012695,8.756554126739502,17.12288737297058,0.2184166669845581,0.024189142882823946,0.03684618473052979,2.5281457901000977,2.7466061115264893
27.27224349975586,8.756560683250427,17.122890949249268,0.21841673851013185,0.02418910413980484,0.036846193671226504,2.528146505355835,2.746607542037964
27.272253036499023,8.756567239761353,17.12289571762085,0.21841678619384766,0.02418906539678574,0.03684619963169098,2.5281472206115723,2.7466089725494385
27.27226495742798,8.75657320022583,17.122896909713745,0.2184168338775635,0.02418903410434723,0.03684620261192322,2.5281479358673096,2.7466108798980713
27.27227210998535,8.756579160690308,17.12290048599243,0.21841692924499512,0.024189001321792605,0.0368462085723877,2.5281484127044678,2.7466118335723877
27.272281646728516,8.75658392906189,17.122902870178223,0.21841695308685305,0.024188973009586334,0.03684621155261993,2.528149366378784,2.7466132640838623
27.272286415100098,8.756588697433472,17.122904062271118,0.21841697692871095,0.024188947677612305,0.0368462085723877,2.5281498432159424,2.746614456176758
27.27229595184326,8.756592869758606,17.122907638549805,0.21841704845428467,0.024188923835754397,0.0368462085723877,2.5281503200531006,2.7466161251068115
27.272303104400635,8.75659704208374,17.122910022735596,0.2184170961380005,0.024188902974128724,0.0368462085723877,2.528151035308838,2.746617078781128
27.272310256958008,8.756599426269531,17.122912406921387,0.21841714382171631,0.024188882112503054,0.03684620559215546,2.528151512145996,2.7466180324554443
27.27231502532959,8.756603002548218,17.122914791107178,0.21841719150543215,0.02418886721134186,0.03684620559215546,2.5281519889831543,2.7466189861297607
27.272322177886963,8.756604790687561,17.122914791107178,0.21841723918914796,0.024188850820064545,0.03684620559215546,2.5281527042388916,2.746619939804077
27.272329330444336,8.756607174873352,17.12291717529297,0.21841728687286377,0.024188837409019472,0.03684620261192322,2.5281529426574707,2.7466208934783936
27.272334098815918,8.75661015510559,17.12291717529297,0.2184173107147217,0.02418882250785828,0.036846193671226504,2.52815318107605,2.746621608734131
27.2723388671875,8.756611347198486,17.12291955947876,0.2184173345565796,0.02418881356716156,0.03684618771076203,2.528153657913208,2.7466228008270264
27.27234125137329,8.756612539291382,17.12292194366455,0.2184173583984375,0.024188807606697085,0.036846181750297545,2.528154134750366,2.7466232776641846
27.272346019744873,8.756612539291382,17.12292194366455,0.21841738224029542,0.024188801646232605,0.03684617877006531,2.5281546115875244,2.746623992919922
27.272348403930664,8.756613731384277,17.122924327850342,0.21841742992401125,0.024188798666000367,0.036846172809600834,2.5281548500061035,2.74662446975708
27.272353172302246,8.756613731384277,17.122925519943237,0.21841745376586916,0.024188798666000367,0.03684616386890412,2.5281550884246826,2.7466251850128174
27.272353172302246,8.756613731384277,17.122926712036133,0.21841747760772706,0.024188798666000367,0.0368461549282074,2.5281553268432617,2.7466254234313965
27.272357940673828,8.756612539291382,17.122926712036133,0.21841752529144287,0.024188803136348726,0.036846140027046205,2.528155565261841,2.7466259002685547
27.27236032485962,8.756611347198486,17.122926712036133,0.21841752529144287,0.024188807606697085,0.03684613406658173,2.52815580368042,2.746626377105713
27.27236270904541,8.756608963012695,17.122929096221924,0.2184175729751587,0.02418881505727768,0.03684612214565277,2.528156042098999,2.746626853942871
27.27236032485962,8.7566077709198,17.122929096221924,0.2184175729751587,0.02418882250785828,0.036846107244491576,2.528156042098999,2.74662709236145
27.27236270904541,8.7566077709198,17.122929096221924,0.2184175968170166,0.02418883591890335,0.03684609532356262,2.5281565189361572,2.7466273307800293
27.2723650932312,8.756604790687561,17.122931480407715,0.21841762065887452,0.024188846349716187,0.036846086382865906,2.5281565189361572,2.7466278076171875
27.2723650932312,8.756600618362427,17.122929096221924,0.21841764450073242,0.0241888627409935,0.036846065521240236,2.5281565189361572,2.7466275691986084
27.2723650932312,8.756598234176636,17.122929096221924,0.21841764450073242,0.024188876152038574,0.03684605062007904,2.5281567573547363,2.7466278076171875
27.27236270904541,8.756595253944397,17.12293028831482,0.21841764450073242,0.02418889403343201,0.03684603571891785,2.5281567573547363,2.7466280460357666
27.27236270904541,8.75659167766571,17.12293028831482,0.21841766834259035,0.02418891191482544,0.036846020817756654,2.5281569957733154,2.7466282844543457
27.27236270904541,8.756587505340576,17.12293028831482,0.21841766834259035,0.02418893277645111,0.03684600293636322,2.5281569957733154,2.7466280460357666
27.27236270904541,8.75658392906189,17.122929096221924,0.21841766834259035,0.024188956618309023,0.03684598505496979,2.5281569957733154,2.7466280460357666
27.27236270904541,8.756579160690308,17.122929096221924,0.21841771602630616,0.02418898046016693,0.036845967173576355,2.5281569957733154,2.7466280460357666
27.272357940673828,8.756574392318726,17.12292790412903,0.21841771602630616,0.024189005792140963,0.036845949292182927,2.5281572341918945,2.7466280460357666
27.272357940673828,8.756569623947144,17.12292790412903,0.21841771602630616,0.024189031124114992,0.03684593141078949,2.5281569957733154,2.7466280460357666
27.272355556488037,8.756564855575562,17.12292790412903,0.21841771602630616,0.024189057946205142,0.0368459165096283,2.5281572341918945,2.7466275691986084
27.272355556488037,8.75656008720398,17.122926712036133,0.21841771602630616,0.02418908625841141,0.03684588968753815,2.5281569957733154,2.7466278076171875
27.272353172302246,8.756554126739502,17.122924327850342,0.21841771602630616,0.02418911308050156,0.036845871806144716,2.5281572341918945,2.7466275691986084
27.272353172302246,8.756549954414368,17.122924327850342,0.21841776371002197,0.024189142882823946,0.036845847964286804,2.5281574726104736,2.7466273307800293
27.272353172302246,8.756545186042786,17.122924327850342,0.21841773986816407,0.024189169704914096,0.036845830082893376,2.5281574726104736,2.7466275691986084
27.272353172302246,8.756539821624756,17.122924327850342,0.21841776371002197,0.024189198017120363,0.036845806241035464,2.5281574726104736,2.7466275691986084
27.272348403930664,8.756535649299622,17.122924327850342,0.2184177875518799,0.02418922334909439,0.03684578835964203,2.5281574726104736,2.7466275691986084
27.272350788116455,8.756531476974487,17.122923135757446,0.2184178113937378,0.02418925017118454,0.03684576749801636,2.5281577110290527,2.7466275691986084
27.272348403930664,8.756526708602905,17.12292194366455,0.2184178113937378,0.02418928146362305,0.03684574663639069,2.5281577110290527,2.7466275691986084
27.272346019744873,8.75652015209198,17.12292194366455,0.2184178113937378,0.024189311265945437,0.03684572279453278,2.5281577110290527,2.7466275691986084
27.27234125137329,8.756513595581055,17.122918367385864,0.21841783523559571,0.02418935000896454,0.03684569597244263,2.528157949447632,2.74662709236145
27.2723388671875,8.756506443023682,17.122918367385864,0.2184178113937378,0.02418939620256424,0.03684567213058472,2.5281577110290527,2.74662709236145
27.272334098815918,8.75649631023407,17.122914791107178,0.2184178113937378,0.02418944835662842,0.03684563934803009,2.5281574726104736,2.746626138687134
27.272324562072754,8.756486177444458,17.122912406921387,0.2184177875518799,0.024189504981040957,0.03684560656547547,2.5281572341918945,2.7466254234313965
27.272319793701172,8.756474256515503,17.122912406921387,0.2184177875518799,0.024189569056034088,0.0368455708026886,2.5281567573547363,2.746624708175659
27.272310256958008,8.756462335586548,17.122907638549805,0.21841776371002197,0.024189639091491702,0.03684553503990173,2.528156280517578,2.7466232776641846
27.272300720214844,8.756449222564697,17.122905254364014,0.21841773986816407,0.02418971061706543,0.03684549629688263,2.52815580368042,2.74662184715271
27.272286415100098,8.756433725357056,17.122902870178223,0.21841766834259035,0.02418979108333588,0.03684545755386353,2.5281550884246826,2.7466204166412354
27.27227210998535,8.756418824195862,17.12289810180664,0.21841764450073242,0.024189874529838562,0.03684541583061218,2.5281546115875244,2.7466187477111816
27.272260189056396,8.756402730941772,17.122892141342163,0.2184175968170166,0.024189963936805725,0.036845368146896366,2.528154134750366,2.746617078781128
27.272250652313232,8.756386041641235,17.122888565063477,0.2184175491333008,0.02419005483388901,0.036845323443412785,2.52815318107605,2.746615409851074
27.272233963012695,8.756369948387146,17.12288498878479,0.21841747760772706,0.02419014722108841,0.03684528172016144,2.5281524658203125,2.7466132640838623
27.27221965789795,8.756352663040161,17.122879028320312,0.21841745376586916,0.024190241098403932,0.036845237016677856,2.528151750564575,2.7466111183166504
27.272205352783203,8.756334781646729,17.12287425994873,0.21841738224029542,0.024190339446067813,0.036845192313194275,2.528150796890259,2.7466094493865967
27.272191047668457,8.756316900253296,17.122868299484253,0.2184173345565796,0.02419043928384781,0.03684514462947846,2.5281498432159424,2.746607542037964
27.27217197418213,8.756299018859863,17.122864723205566,0.21841728687286377,0.024190537631511688,0.036845093965530394,2.528149127960205,2.746605157852173
27.272157669067383,8.756279945373535,17.122859954833984,0.21841721534729006,0.024190638959407807,0.03684504628181458,2.5281481742858887,2.74660325050354
27.272143363952637,8.756262063980103,17.122853994369507,0.21841716766357422,0.024190740287303926,0.03684500455856323,2.5281474590301514,2.746600866317749
27.2721266746521,8.756242990493774,17.122849225997925,0.2184170961380005,0.024190840125083924,0.03684495389461517,2.528146266937256,2.746598720550537
27.272109985351562,8.756225109100342,17.122844457626343,0.21841700077056886,0.02419094443321228,0.03684490919113159,2.5281455516815186,2.746596336364746
27.272095680236816,8.756206035614014,17.12283968925476,0.21841695308685305,0.024191048741340638,0.036844861507415776,2.528144359588623,2.746594190597534
27.27207660675049,8.756186962127686,17.122833728790283,0.2184169054031372,0.024191156029701233,0.03684481084346771,2.5281434059143066,2.746591806411743
27.27205991744995,8.756168484687805,17.1228289604187,0.2184168577194214,0.024191257357597352,0.036844763159751895,2.5281426906585693,2.746589422225952
27.272043228149414,8.75614881515503,17.12282419204712,0.21841676235198976,0.024191364645957947,0.03684471249580384,2.528141736984253,2.746587038040161
27.272026538848877,8.756129741668701,17.12281823158264,0.21841669082641602,0.024191473424434663,0.036844664812088014,2.5281405448913574,2.7465851306915283
27.27200746536255,8.756110668182373,17.12281107902527,0.2184166431427002,0.02419157773256302,0.03684462010860443,2.528139591217041,2.746582508087158
27.27199077606201,8.75609040260315,17.122807502746582,0.21841657161712646,0.024191689491271973,0.03684456646442413,2.5281388759613037,2.746580123901367
