time,throttle,torque_x,torque_y,torque_z
0.0,7.840000000000001,0.14920314849143412,-0.2266166390041738,0.6857638484062013
0.02,7.840648614086576,0.07350540369641928,-0.07829007760302775,0.05313883417282952
0.04,7.847428016103896,0.035654124271997586,-0.02140911582341662,-0.011949468466713563
0.06,7.865660844851555,0.016686894899780105,-1.5125873274032612e-05,-0.02082472599685046
0.08,7.896894510244114,0.007170220264374398,0.007802180699079981,-0.02400318435799224
0.1,7.940825351452011,0.002285769663723264,0.010394287021490369,-0.02616267429890271
0.12000000000000001,7.996586532452178,-0.0003357741564091117,0.010985798868592139,-0.02780920965562749
0.14,8.063234105256884,-0.0018497100185511995,0.010828468050022856,-0.02909043384291499
0.16,8.139887418916572,-0.00281682781802566,0.010409078441779265,-0.03009666993296103
0.18,8.22575225509243,-0.0035084141015321916,0.00991583097605663,-0.03088770505762808
0.19999999999999998,8.320111605230128,-0.004055485141032492,0.009419469702318033,-0.03150396017300517
0.21999999999999997,8.422311347025735,-0.004521328997177992,0.008944205043922267,-0.03197427109199159
0.23999999999999996,8.53174810372494,-0.004936572946696127,0.008495782017655492,-0.03232051829493526
0.25999999999999995,8.647860386487872,-0.005316072297125915,0.00807273040145516,-0.032560129869224
0.27999999999999997,8.770122523101074,-0.005667029064730352,0.007670942125223204,-0.032707403353086785
0.3,8.898040655959038,-0.005992894462215447,0.007285566966348803,-0.032774229662266396
0.32,9.031150209287498,-0.006295248373391737,0.006911813303350005,-0.03277052823086596
0.34,9.169014377026215,-0.006574708828559557,0.006545292165719771,-0.0327045456236246
0.36000000000000004,9.311223299331756,-0.0068313763247214625,0.006182164789749796,-0.03258308920037901
0.38000000000000006,9.457393674315433,-0.007065054986534396,0.005819201598750584,-0.03241172807870649
0.4000000000000001,9.607168603447814,-0.007275366664816065,0.005453798440261187,-0.03219497510312589
0.4200000000000001,9.760217504706667,-0.007461813734316221,0.005083970239469346,-0.0319364550601541
0.4400000000000001,9.916235954527421,-0.007623817365940496,0.004708331413246847,-0.031639060672831495
0.46000000000000013,10.074945342606599,-0.00776074405562955,0.004326067714335399,-0.031305096415655854
0.48000000000000015,10.23609224529807,-0.007871926393967502,0.003936902078697112,-0.030936409704775254
0.5000000000000001,10.3994474451528,-0.007956680750743511,0.0035410560598803467,-0.030534508973632614
0.5200000000000001,10.56480454672637,-0.008014322975622438,0.003139207936737502,-0.030100668278447696
0.5400000000000001,10.731978162273654,-0.008044182559637089,0.0027324483124181544,-0.029636018270149906
0.5600000000000002,10.900801665196678,-0.008045615578603192,0.002322233868209455,-0.029141623565561322
0.5800000000000002,11.071124533673645,-0.008018016954652528,0.0019103398429906162,-0.028618546728442502
0.6000000000000002,11.242809331064263,-0.007960832989989638,0.0014988117523396633,-0.028067899224372705
0.6200000000000002,11.415728392438467,-0.007873575595726181,0.0010899168272556286,-0.02749087984537319
0.6400000000000002,11.589760306568207,-0.0077558399549945275,0.0006860956330989284,-0.026888801219550004
0.6600000000000003,11.764786298359958,-0.007607327278513367,0.0002899143191251607,-0.026263105139970003
0.6800000000000003,11.940686626373491,-0.007427873611572184,-9.598205693192633e-05,-0.025615367577534503
0.7000000000000003,12.11733711254586,-0.007217484256884281,-0.00046891469129664494,-0.024947294391979614
0.7200000000000003,12.294605916219027,-0.006976371487235673,-0.0008262142579743535,-0.0242607089202294
0.7400000000000003,12.47235065313495,-0.006704991373877511,-0.0011652617913870862,-0.0235575327854198
0.7600000000000003,12.650415944757704,-0.006404074529667929,-0.001483526862579963,-0.022839761403671173
0.7800000000000004,12.828631467557903,-0.0060746460856360126,-0.0017786027361295148,-0.02210943573605902
0.8000000000000004,13.006810558856658,-0.005718032549510597,-0.0020482382592012264,-0.02136861181741164
0.8200000000000004,13.18474942666019,-0.005335856718427525,-0.0022903663037656874,-0.020619329492753784
0.8400000000000004,13.362227003795612,-0.004930024277094453,-0.0025031286495750377,-0.01986358163574134
0.8600000000000004,13.539005477775156,-0.004502697423132524,-0.0026848972536619624,-0.019103284949971062
0.8800000000000004,13.714831521582143,-0.004064355783082043,-0.002834291914278102,-0.018340253216859278
0.9000000000000005,13.889430839378203,-0.003675264907134603,-0.0029501820977034443,-0.017576249287461012
0.9200000000000005,14.062447009990207,-0.0033207533017439316,-0.0030316135543583663,-0.01681352543115653
0.9400000000000005,14.233392857873705,-0.002980088286083216,-0.003077870186674507,-0.016054233917204556
0.9600000000000005,14.401677367869155,-0.0026419158985959788,-0.0030885301915377634,-0.015300251948199185
0.9800000000000005,14.566639120067054,-0.002300830044258914,-0.0030634847237588437,-0.014553161734327476
1.0000000000000004,14.727572598996682,-0.0019555862923915047,-0.00300293996203131,-0.013814234529191163
1.0200000000000005,14.883749530505675,-0.001607852168181843,-0.002907411398163897,-0.013084431107777107
1.0400000000000005,15.034436145300624,-0.0012611306120204804,-0.0027777132183511915,-0.012364415878444663
1.0600000000000005,15.178907163866468,-0.0009198564594008455,-0.0026149446006172657,-0.011654577756251627
1.0800000000000005,15.316457464180298,-0.0005887239087191762,-0.0024204742326813904,-0.01095505217678787
1.1000000000000005,15.446412399459057,-0.00027225402691552025,-0.002195923824650226,-0.010265741489966477
1.1200000000000006,15.56813752883115,2.543885758649964e-05,-0.0019431509564382375,-0.00958633337593363
1.1400000000000006,15.681048211874005,0.00030074293966938056,-0.0016642313374088864,-0.008916318201275307
1.1600000000000006,15.784619207497554,0.0005505635666203352,-0.001361440447451484,-0.008255006559145016
1.1800000000000006,15.878394171828896,0.000772298694694599,-0.0010372345160250187,-0.007601548031275309
1.2000000000000006,15.961994788271216,0.00096380206088365,-0.000694230824768367,-0.006954951814847823
1.2200000000000006,16.03512918084835,0.0011233497923303032,-0.00033518735694415184,-0.0063141094612428105
1.2400000000000007,16.097599245839266,0.0012496199075389554,3.7018151191795375e-05,-0.005677819645060331
1.2600000000000007,16.149306573692307,0.0013416925316314,0.0004194096786329395,-0.0050448146205402805
1.2800000000000007,16.190256715141132,0.0013990813975755883,0.0008089348109737392,-0.004413787797440204
1.3000000000000007,16.220561670692355,0.0014218142645715489,0.0012024869402391684,-0.003783421638417768
1.3200000000000007,16.240440656879848,0.001410589565813028,0.0015969276348765762,-0.003152414815213466
1.3400000000000007,16.250219436224302,0.0013670378885302322,0.0019891090108513565,-0.0025195073034003776
1.3600000000000008,16.250328787107097,0.001294064972793953,0.0023758959133663798,-0.0018835021628805814
1.3800000000000008,16.241302941922818,0.0011960140038837996,0.002754187785595939,-0.0012432843220589469
1.4000000000000008,16.223778629087104,0.0010777181255778481,0.0031209405077228265,-0.0005978429808171181
1.4200000000000008,16.198493562626325,0.0009406118844898489,0.003473189776179413,5.367939320789591e-05
1.4400000000000008,16.16627805567089,0.0007756576293186163,0.0038080799856186074,0.000711866605304011
1.4600000000000009,16.128026486444053,0.0005615155604996644,0.004122902694381369,0.0013768210568576053
1.4800000000000009,16.08464024710864,0.0002805372885804616,0.004415136944504787,0.0020480292471545493
1.5000000000000009,16.036964569096835,-6.123987289068393e-05,0.004682464534906496,0.0027245905332246023
1.520000000000001,15.9857655892839,-0.0004396872021219655,0.004922749421971348,0.0034056845278636044
1.540000000000001,15.931760583248868,-0.0008330851427659226,0.005134018820600793,0.004090728971084856
1.560000000000001,15.875663275056555,-0.0012308822939179846,0.005314479742876869,0.004779142286773585
1.580000000000001,15.818207563734571,-0.001630528992806102,0.005462557201338998,0.0054700758537988
1.600000000000001,15.760145774499128,-0.0020324523039778135,0.005576927153326186,0.00616230412762494
1.620000000000001,15.70223408938033,-0.0024372120114571905,0.005656535349837803,0.006854230634024921
1.640000000000001,15.645215855760283,-0.002844548688631488,0.005700606080870079,0.007543933941767841
1.660000000000001,15.58980751405309,-0.003253328787271016,0.005708645982788739,0.008229215735976623
1.680000000000001,15.536688150279902,-0.0036617716474742577,0.0056804454605506784,0.008907641521519464
1.700000000000001,15.486492215461876,-0.004067701038885435,0.005616078309239198,0.009576575251813641
1.720000000000001,15.43980463791897,-0.004468745155978447,0.005515899331865604,0.010233211128183602
1.740000000000001,15.397157644650406,-0.004862478623992266,0.005380539616404616,0.01087460501817596
1.7600000000000011,15.359028779629138,-0.005246519524180256,0.0052108992287904065,0.011497706808103242
1.7800000000000011,15.325839754572185,-0.005618595724053928,0.00500813720899389,0.012099394173233833
1.8000000000000012,15.297955872906146,-0.005976591227128733,0.004773658866866027,0.012676507750098787
1.8200000000000012,15.275685838018807,-0.006318579467622182,0.004509100457240996,0.013225887425441564
1.8400000000000012,15.259281804258011,-0.006642847656403003,0.004216311377019357,0.013744409319307252
1.8600000000000012,15.248939562839567,-0.006947914464238117,0.003897334077829304,0.014229022973938115
1.8800000000000012,15.24479878093626,-0.007232542250115702,0.0035543819308002096,0.014676788231562451
1.9000000000000012,15.246943234313935,-0.007495744449460432,0.003189815316972584,0.01508491127616068
1.9200000000000013,15.2554009939148,-0.007736788440695712,0.0028061162484174615,0.015450779319399751
1.9400000000000013,15.270144545765254,-0.00795519408581795,0.002405861851033759,0.01577199342605373
1.9600000000000013,15.291090841974398,-0.008150728115828764,0.0019916970597660703,0.016046398998210105
1.9800000000000013,15.318101298559872,-0.008323394559983011,0.001566306890191964,0.016272113469827185
2.0000000000000013,15.35098177338337,-0.008473421472187583,0.001132388656758529,0.016447550803329
2.0200000000000014,15.389482574465802,-0.008601244272612815,0.0006926245072886125,0.01657144242733038
2.0400000000000014,15.43329856513739,-0.008707486087895042,0.0002496546358151857,0.01664285430857608
2.0600000000000014,15.482069447504163,-0.00879293553299853,-0.00019394847839145126,0.01666119991089522
2.0800000000000014,15.535380319099257,-0.008858522427857934,-0.0006357044781209063,0.01662624885839961
2.1000000000000014,15.592762608731045,-0.00890529197963368,-0.0010732478803580456,0.016538131188193066
2.1200000000000014,15.65369550571217,-0.008934377985190072,-0.0015043489026963053,0.016397337148288386
2.1400000000000015,15.717608001023573,-0.008946975617368173,-0.0019269321285444053,0.016204712567964585
2.1600000000000015,15.783881658634948,-0.008944314352645378,-0.0023390928140441915,0.01596144989908166
2.1800000000000015,15.851854229254426,-0.008927631577317897,-0.002739110680465557,0.01566907509650759
2.2000000000000015,15.920824206366092,-0.00889814737540478,-0.0031254610782528607,0.01532943057239443
2.2200000000000015,15.990056404843623,-0.008857040955562228,-0.003496823451965444,0.014944654521150163
2.2400000000000015,16.058788615284634,-0.008805429118222553,-0.003852087078212009,0.014517156968239938
2.2600000000000016,16.126239352467373,-0.008744347100115934,-0.004190354090466372,0.014049592945143435
2.2800000000000016,16.19161667447259,-0.0086747320635329,-0.004510939844576904,0.013544833233748063
2.3000000000000016,16.254128001125004,-0.008597409424535907,-0.004813370716088707,0.01300593315522718
2.3200000000000016,16.312990808242724,-0.008513082140114257,-0.005097379454526693,0.012436099900304922
2.3400000000000016,16.36744402015741,-0.008422323001143112,-0.0053628982499490194,0.011838658909301152
2.3600000000000017,16.416759870100762,-0.00832556990794981,-0.005610049692903623,0.011217019811364358
2.3800000000000017,16.460255949814503,-0.008223124039945654,-0.0058391358300418465,0.010574642423041682
2.4000000000000017,16.49730712982024,-0.00811515077159741,-0.006050625533843463,0.009915003287391519
2.4200000000000017,16.527357003791522,-0.008001683135064797,-0.006245140416103741,0.009241563207129978
2.4400000000000017,16.54992849758183,-0.007882627585983666,-0.0064234395210990645,0.00855773619005163
2.4600000000000017,16.564633288070105,-0.007757771793716341,-0.006586403035916198,0.007866860183658373
2.4800000000000018,16.571179700368457,-0.0076267941512780804,-0.006735015252672361,0.007172169930196686
2.5000000000000018,16.56937879401929,-0.007489274683341459,-0.006870347010789796,0.006476772224876943
2.520000000000002,16.559148408042184,-0.007344707023157292,-0.006993537837725466,0.0057836238105167925
2.540000000000002,16.540515008086043,-0.007192511130916338,-0.007105777994304683,0.005095512092779468
2.560000000000002,16.513613262267086,-0.007032046436588593,-0.007208290616769838,0.00441503881267842
2.580000000000002,16.478683360394825,-0.006862625109288834,-0.007302314132573246,0.0037446067680866973
2.600000000000002,16.436066178626348,-0.006683525181977735,-0.007389085111439553,0.0030864096340164
2.620000000000002,16.386196472627798,-0.006494003294026553,-0.007469821697888942,0.0024424248926388334
2.640000000000002,16.329594352112068,-0.00629330685378558,-0.007545707756659057,0.001814409848135982
2.660000000000002,16.266855344214452,-0.0060806854675793075,-0.007617877848597574,0.0012039006680636063
2.680000000000002,16.19863938992921,-0.005855401529207877,-0.007687403141761608,0.0006122143613398062
2.700000000000002,16.12565913559612,-0.005616739913630655,-0.007755278350672865,4.045357252906903e-05
2.720000000000002,16.04866788050364,-0.005364016768703049,-0.007822409785839148,-0.0005104859578528058
2.740000000000002,15.96844752368873,-0.005096587448334945,-0.007889604585612608,-0.0010399054472555753
2.760000000000002,15.885796820636617,-0.00481385367799201,-0.007957561192968537,-0.0015472908498207621
2.780000000000002,15.801520217202391,-0.004515270087993102,-0.008026861130673895,-0.0020322986013063898
2.800000000000002,15.716417477425562,-0.004200350290348881,-0.008097962119348582,-0.002494739602739087
2.820000000000002,15.631274267727878,-0.0038686727095102783,-0.008171192573976995,-0.0029345617465033193
2.840000000000002,15.546853805732457,-0.003519886404311898,-0.008246747505405237,-0.0033518313192286305
2.860000000000002,15.463889630578027,-0.0031537171344839343,-0.008324685844239671,-0.00374671364533107
2.880000000000002,15.383079505461321,-0.0027699739257891873,-0.008404929195401277,-0.004119453362460939
2.900000000000002,15.305080423876195,-0.002368556366417555,-0.008487262022430834,-0.0044703547443588594
2.920000000000002,15.230504659620987,-0.00194946281522101,-0.008571333251652585,-0.004799762506143649
2.940000000000002,15.159916777499499,-0.001512799609538632,-0.008656659277540512,-0.005108043539885166
2.960000000000002,15.093831506615597,-0.0010587912173553266,-0.008742628342245345,-0.005395570031606549
2.980000000000002,15.032712370703265,-0.000587791080112123,-0.008828506254229837,-0.005662704400954775
3.000000000000002,14.976970969161368,-0.00010029264368327348,-0.008913443403316686,-0.005909786477145629
3.0200000000000022,14.926966807241017,0.00040306020158720586,-0.008996483022037857,-0.006137123274498845
3.0400000000000023,14.883007582846645,0.000921464308495908,-0.009076570635708794,-0.006344981653592057
3.0600000000000023,14.845349849230706,0.0014539512906062031,-0.009152564635796497,-0.006533584047774812
3.0800000000000023,14.814199986036146,0.001999385556397851,-0.009223247902382188,-0.006703107302125687
3.1000000000000023,14.789715424323962,0.0025564672680898214,-0.009287340391448195,-0.006853684522208871
3.1200000000000023,14.77200608333744,0.003123740562408265,-0.009343512590929436,-0.006985409680397206
3.1400000000000023,14.7611359871659,0.0036996065753154028,-0.009390399736035773,-0.007098344600971996
3.1600000000000024,14.757125038112616,0.004282339989843119,-0.009426616659738374,-0.007192527864937933
3.1800000000000024,14.759950930926957,0.004870107283384983,-0.009450773139607132,-0.0072679851553260665
3.2000000000000024,14.769551198913918,0.005460984919728387,-0.009461489588940731,-0.007324740598031893
3.2200000000000024,14.785825389874665,0.006052976603883296,-0.009457412929840866,-0.007362828710333386
3.2400000000000024,14.808637376625388,0.006644030172861895,-0.009437232479512175,-0.007382306596532693
3.2600000000000025,14.837817812022095,0.007232055334981866,-0.00939969567799253,-0.007383265980623213
3.2800000000000025,14.873166740150051,0.007814935541649085,-0.009343623482012288,-0.007365844586080565
3.3000000000000025,14.914456379283093,0.008396942895926934,-0.009267925226944522,-0.007330236891615614
3.3200000000000025,14.961428402320008,0.009029353300810556,-0.009171628512970795,-0.007276215571049328
3.3400000000000025,15.013741270678521,0.009696738775116088,-0.009053990079397634,-0.007199513849116334
3.3600000000000025,15.070926051685646,0.010375538864264486,-0.00891418215370291,-0.007097280952677931
3.3800000000000026,15.132408256009379,0.011050358736040424,-0.008751480335728935,-0.00696829317466984
3.4000000000000026,15.197535889811615,0.01171084604183566,-0.008565350499129125,-0.006812209464324137
3.4200000000000026,15.265600394851594,0.012350254066887055,-0.008355449844403118,-0.006629264064532955
3.4400000000000026,15.335852934176234,0.012964516118790183,-0.008121624896134914,-0.006420073688358353
3.4600000000000026,15.407517040243958,0.01355142331600064,-0.007863912161343354,-0.00618549383387145
3.4800000000000026,15.479798400508766,0.014109883867184063,-0.007582538978091083,-0.005926518169053285
3.5000000000000027,15.551892689269183,0.014639333540402973,-0.007277923320447776,-0.005644219514489866
3.5200000000000027,15.622992412950227,0.015139335538743063,-0.00695067230093123,-0.005339724970170582
3.5400000000000027,15.69229361421473,0.015609356674893195,-0.006601579297798883,-0.005014213993345389
3.5600000000000027,15.75900303693936,0.01604867714042937,-0.006231619553361172,-0.00466892854442052
3.5800000000000027,15.822346078960194,0.01645638589855661,-0.005841944039083165,-0.00430518704157423
3.6000000000000028,15.881575614047174,0.016831422189819534,-0.005433871419854562,-0.003924396937427595
3.6200000000000028,15.935981574054995,0.017172636024626216,-0.005008878035301782,-0.0035280632473959485
3.640000000000003,15.984901048208581,0.01747885152763869,-0.0045685859081124915,-0.003117792053232535
3.660000000000003,16.027728570626692,0.01774892487445683,-0.0041147488667626,-0.0026952889867765937
3.680000000000003,16.06392621958678,0.017981793460266588,-0.0036492369287229095,-0.002262353186442855
3.700000000000003,16.093033134820626,0.018176515634058442,-0.003174019133488904,-0.0018208674109440278
3.720000000000003,16.114674066975965,0.018332301612909992,-0.002691145047395277,-0.0013727850314352527
3.740000000000003,16.128566602745472,0.01844853666278923,-0.0022027251874332113,-0.0009201145903523747
3.760000000000003,16.134526757268034,0.018524797691414373,-0.0017109106309889904,-0.0004649025588880596
3.780000000000003,16.132472689381114,0.0185608642784364,-0.001217872093170303,-9.214867136311628e-06
3.800000000000003,16.122426371686533,0.018556724993457605,-0.0007257787631149371,0.00044488227024748434
3.820000000000003,16.10451313196864,0.01851257968231369,-0.00023677719527968866,0.0008953417529264418
3.840000000000003,16.0789590704213,0.018428838258848092,0.00024702944905255996,0.0013401547741317197
3.860000000000003,16.04608644322685,0.01830611642562732,0.0007236015208545719,0.0017773693668157661
3.880000000000003,16.006307182228962,0.01814522865463145,0.0011909820849462893,0.0022051079306624126
3.900000000000003,15.960114788264386,0.017947178672500137,0.0016473149418316368,0.002621583379156637
3.920000000000003,15.90807488865905,0.017713147590608887,0.0020908612273890822,0.0030251135691270314
3.940000000000003,15.850814785236354,0.017444479660007915,0.0025200143713395534,0.003414133694936211
3.960000000000003,15.789012337193924,0.01714266535065621,0.002933313221422867,0.003787206342141342
3.980000000000003,15.723384524186027,0.016809320940681043,0.003329453168334396,0.00414302889340817
4.000000000000003,15.654676021235751,0.016446162857061637,0.0037072951362580164,0.004480437948457003
4.020000000000002,15.583648092520018,0.016054973298339773,0.0040658723353620045,0.0047984103340969
4.040000000000002,15.511068080980992,0.015637550667731284,0.004404394706624347,0.0050960600955488764
4.060000000000001,15.43769974220057,0.015195633401250202,0.004722251027547439,0.0053726305052246405
4.080000000000001,15.364294653057208,0.014730778742671003,0.005019008692471651,0.0056274795046380634
4.1000000000000005,15.291584928801127,0.014244171955996454,0.005294411235536451,0.005860056046813972
4.12,15.220277513661443,0.013736351745121151,0.005548373723099931,0.006069863763583718
4.14,15.151050355552712,0.01320691619833018,0.005780976171476365,0.006256408671573628
4.159999999999999,15.084550740390378,0.012654547579194384,0.0059924550240843324,0.00641913432225992
4.179999999999999,15.021395634332578,0.012078307318345322,0.006183192155051489,0.006557373965759684
4.199999999999998,14.962172381492776,0.01148161453581617,0.006353699547262693,0.006670413619677654
4.219999999999998,14.907434965118293,0.010877990365694486,0.006504596928033894,0.006757835460942083
4.2399999999999975,14.857688515389444,0.010290385491503457,0.006636585106198241,0.006820183706826598
4.259999999999997,14.813360775051088,0.009736133108255418,0.0067504326596940336,0.006859383862137875
4.279999999999997,14.774776678333357,0.009211995201608165,0.006846987769983027,0.006877981222064497
4.299999999999996,14.742159269080197,0.008700416794656846,0.006927176686623787,0.0068776043502967316
4.319999999999996,14.715657756994,0.008186179177751083,0.006991954474896306,0.00685833213705233
4.339999999999995,14.695379614687107,0.007663502921483238,0.007042255370776379,0.00681930365637849
4.359999999999995,14.681408532335231,0.0071336496334433765,0.007078985172697473,0.006759533033144822
4.379999999999995,14.673807740570552,0.006600745997810297,0.007103033360495723,0.0066783129851415365
4.399999999999994,14.672616091673412,0.006069231007763977,0.007115275702799935,0.0065752733031585915
4.419999999999994,14.67784279663984,0.005542883518089242,0.007116563085405912,0.006450305985110226
4.439999999999993,14.689463391187468,0.005024665591257579,0.007107703904145476,0.006303476984754307
4.459999999999993,14.707417461963223,0.004516854729962977,0.007089446231494871,0.0061349624076330765
4.479999999999992,14.731607883801638,0.004021223999242328,0.0070624627102765245,0.00594501247153753
4.499999999999992,14.761901175576822,0.0035391892067248463,0.007027339313465597,0.005733937858007961
4.519999999999992,14.798128659765734,0.0030719097239429163,0.006984566463145688,0.005502109893523361
4.539999999999991,14.840088226912606,0.002620351184064094,0.006934502764374541,0.005249930147875637
4.559999999999991,14.887546632889482,0.002185322378108093,0.006902787275359049,0.005010400722783437
4.57999999999999,14.940214890328761,0.0017666955577744705,0.00690677649729188,0.004799462041493388
4.59999999999999,14.997700990425015,0.0013641751447049989,0.006929783214730296,0.0045891690815779915
4.6199999999999894,15.059503893881175,0.0009783573949984608,0.006961762904588772,0.004363924589867493
4.639999999999989,15.125039402530556,0.0006076843093883889,0.006997150755645535,0.004111813969787632
4.659999999999989,15.193658587396296,0.0002103855451012117,0.0070451651681204125,0.0037754932540539792
4.679999999999988,15.264662073388731,-0.00019835707422072207,0.00709604201224297,0.0033732592809010264
4.699999999999988,15.337312094611873,-0.0005978582171190752,0.007141615732111083,0.0029309142481562587
4.719999999999987,15.41084375312161,-0.0009816905758420966,0.007180116393228427,0.0024571775327405856
4.739999999999987,15.484474264440802,-0.0013470474383245955,0.007211573447962405,0.001956894271728421
4.7599999999999865,15.557410839605598,-0.001692878563936353,0.007236713073857402,0.001433076500892409
4.779999999999986,15.62885819279238,-0.002019403982904394,0.007256473592392469,0.0008873282087400649
4.799999999999986,15.698026204660303,-0.00232771658725953,0.007271692558936077,0.0003202525629994218
4.819999999999985,15.764138079370342,-0.0026193852289120912,0.007282916488537527,-0.0002680854525085313
4.839999999999985,15.826439157663543,-0.002896135641542053,0.007290316805910101,-0.0008777616187541168
4.859999999999984,15.884206382415815,-0.00315964591333854,0.007293682756216505,-0.0015087202273495488
4.879999999999984,15.936758274175011,-0.003411444273150909,0.007292458949015873,-0.0021606211791048617
4.8999999999999835,15.983465170235064,-0.0036528765827330044,0.0072858022167936855,-0.0028327727960602194
4.919999999999983,16.023759411322946,-0.0038851118047907515,0.007272642149873979,-0.003524115801423127
4.939999999999983,16.05714512120417,-0.004109162825811909,0.007251737579764931,-0.004233233376630155
4.959999999999982,16.083207212492717,-0.004325909427080873,0.007221726302838857,-0.004958372335077112
4.979999999999982,16.10161926347339,-0.004536117065621425,0.0071811679606015085,-0.005697467853520007
4.999999999999981,16.11214994314643,-0.0047404492842687065,0.007128581082645349,-0.006448168659083198
5.019999999999981,16.114667712321847,-0.004939473743631887,0.007062475559607592,-0.007207861885487062
5.0399999999999805,16.109143594287435,-0.00513366283182538,0.006981381695865711,-0.00797369783152488
5.05999999999998,16.09565188549954,-0.0053233901223236225,0.006883876741075383,-0.008742615182543214
5.07999999999998,16.07436876034582,-0.005508923958369161,0.0067686095337195626,-0.009511367255535445
5.099999999999979,16.045568809268527,-0.005690419328437992,0.006634323656185163,-0.010276549695606117
5.119999999999979,16.009619631255493,-0.005867909049938487,0.006479879313006728,-0.011034629881162572
5.139999999999978,15.966974675044948,-0.006041295133713923,0.006304274000476997,-0.011781978128608263
5.159999999999978,15.918164584207867,-0.006210341070438864,0.00610666193044947,-0.01251490063987111
5.1799999999999775,15.863787346482987,-0.006374665660689418,0.005886372096620045,-0.013229674011401946
5.199999999999977,15.804497575544143,-0.00653373889872864,0.005642924821514582,-0.013922581020777161
5.219999999999977,15.740995263339904,-0.006686880310833362,0.005376046591680464,-0.01458994732476172
5.239999999999976,15.674014334126705,-0.00683326003859421,0.005085682973265352,-0.015228178638903512
5.259999999999976,15.604311309300432,-0.006971902844133434,0.004772009397261001,-0.015833797921974764
5.279999999999975,15.532654357941531,-0.007101695097698864,0.004435439610950259,-0.016403482057643554
5.299999999999975,15.459812964964932,-0.007221394690973124,0.0040766316077395824,-0.016934097509590053
5.3199999999999745,15.386548400439613,-0.007329643706351225,0.0036964908702075976,-0.017422734423549874
5.339999999999974,15.313605123434222,-0.007424983570906748,0.0032961707896677957,-0.01786673865921766
5.359999999999974,15.241703204724315,-0.007505872343758965,0.0028770701588504083,-0.018263741254546127
5.379999999999973,15.171531807410249,-0.007570703739788059,0.002440827671580735,-0.018611684852785238
5.399999999999973,15.103743724864326,-0.007617827495047863,0.0019893134037997687,-0.018908846656252164
5.419999999999972,15.038950942710409,-0.007645570742535003,0.0015246172932559725,-0.01915385750808611
5.439999999999972,14.977721166350333,-0.007652260197997516,0.0010490346801062024,-0.019345716742180396
5.4599999999999715,14.920575237898712,-0.007636245148450884,0.0005650490169747218,-0.01948380248137407
5.479999999999971,14.86798535575408,-0.0075959214642743085,7.531190421652389e-05,-0.019567877105468697
5.499999999999971,14.820374005468205,-0.007529757064786199,-0.00041737934630308804,-0.019598087656674326
5.51999999999997,14.7781135108062,-0.007436319374630186,-0.0009101063683957548,-0.019574961006051092
5.53999999999997,14.741526117478712,-0.0073143052161864395,-0.001399856323361223,-0.019499393677743507
5.559999999999969,14.710884527555994,-0.007162573208784283,-0.0018835500671904146,-0.019372636325992506
5.579999999999969,14.686412808871081,-0.006980178067510183,-0.002358071525973153,-0.019196272988163916
5.599999999999969,14.668287610086988,-0.0067664053021496,-0.002820297871954997,-0.01897219539444858
5.619999999999968,14.656639618472422,-0.006520803933111733,-0.003267130072544458,-0.018702572791106428
5.639999999999968,14.65155520436065,-0.006243214292462838,-0.0036955233769805926,-0.01838981790880405
5.659999999999967,14.653078204708741,-0.005933788097637176,-0.004102517311474534,-0.0180365498538146
5.679999999999967,14.661211808996978,-0.0055929989701783795,-0.004485264772899549,-0.017645554792088985
5.699999999999966,14.675920524080492,-0.005221643331833101,-0.004841059841103509,-0.017219745320501318
5.719999999999966,14.697132209470873,-0.0048208335801992,-0.005167363966704359,-0.016762119381863092
5.739999999999966,14.724740188546761,-0.00439198587508014,-0.005461830230950569,-0.01627571950815707
5.759999999999965,14.758605452165181,-0.003936794514323939,-0.005722325416123796,-0.0157635931092499
5.779999999999965,14.798558986394264,-0.0034669069877263183,-0.005946949688068645,-0.015228754479224772
5.799999999999964,14.844395948522314,-0.0030339183537141097,-0.006134034471900387,-0.01467415741321678
5.819999999999964,14.89582460032751,-0.0026220148615209793,-0.006282073885358918,-0.014102862541995054
5.839999999999963,14.952430884621895,-0.002214779274333182,-0.006389843764526448,-0.013518198818729234
5.859999999999963,15.01370219553485,-0.0018034923713286474,-0.006456417493877712,-0.012923482806078919
5.879999999999963,15.079051256268833,-0.0013842248139946934,-0.006481177253530785,-0.012321856212007038
5.899999999999962,15.147833701239598,-0.0009563971802272139,-0.006463822251760425,-0.011716200312857047
5.919999999999962,15.219361592106448,-0.0005218420929882859,-0.006404370091686111,-0.011109089489952633
5.939999999999961,15.29291386538671,-8.400965731078684e-05,-0.006303152712351645,-0.010502770808472063
5.959999999999961,15.36774445464428,0.00035272535990565033,-0.006160808603597269,-0.00989916051269172
5.9799999999999605,15.443088892691156,0.0007836139712226569,-0.00597827253426789,-0.009299849758760357
5.99999999999996,15.518170222953508,0.0012039183976000295,-0.005756763568207661,-0.008706114146319945
6.01999999999996,15.59220494457379,0.0016091465551577894,-0.00549777178901907,-0.008118924145166464
6.039999999999959,15.664409519707348,0.001995171532890009,-0.005203043932471869,-0.007538955519555605
6.059999999999959,15.734007748167432,0.0023582757609663593,-0.004874568015991378,-0.006966600030947837
6.079999999999958,15.800239110232697,0.0026951527419747452,-0.004514557021175607,-0.006401977170962453
6.099999999999958,15.86236801337953,0.0030028892167807443,-0.004125431691372177,-0.005844947704801543
6.1199999999999575,15.919693755615901,0.0032789416787563108,-0.0037098025251385476,-0.005295129624741591
6.139999999999957,15.971560931898956,0.0035211147240892713,-0.0032704510630683636,-0.00475191687262613
6.159999999999957,16.017369954511235,0.0037275448606907007,-0.002810310573924051,-0.004214500962811001
6.179999999999956,16.056587328697702,0.003896691639905597,-0.002332446245750404,-0.0036818954468940345
6.199999999999956,16.08875531931549,0.004027337933014602,-0.0018400349806244848,-0.0031529630058137565
6.219999999999955,16.11350066315685,0.0041186027872939105,-0.0013363448810806,-0.00262644481686517
6.239999999999955,16.13054202781652,0.0041699739648674225,-0.0008247145053690122,-0.002100991696705092
6.2599999999999545,16.13969599730612,0.00418137382698322,-0.0003085319612274487,-0.0015751963316915768
6.279999999999954,16.140881487192814,0.0041532822255827065,0.0002087860922812526,-0.001047625633010674
6.299999999999954,16.134122673201993,0.004086950163346471,0.0007238154549983949,-0.0005168518760230991
6.319999999999953,16.119550771906496,0.00398472748798658,0.0012331453116140713,1.8519076178822866e-05
6.339999999999953,16.09740531992293,0.0038504193017408106,0.0017333989909761724,0.0005598238178062895
6.359999999999952,16.068035772353856,0.0036891753509159923,0.0022212546649563246,0.001108319594703682
6.379999999999952,16.03190357818236,0.003505477122873195,0.00269346686266464,0.0016651498429030819
6.3999999999999515,15.989581704133995,0.003297294210266428,0.003146891678393852,0.002231253358178153
6.419999999999951,15.941741435894913,0.003049137027628711,0.0035785210120814455,0.002807151934271019
6.439999999999951,15.889111434473872,0.002737588712464235,0.003985526913389712,0.00339265759764137
6.45999999999995,15.832411169857702,0.002354319735089608,0.004365297111045259,0.003986834626391576
6.47999999999995,15.772298958801274,0.0019170064314403747,0.004715432858119612,0.004588486084504657
6.499999999999949,15.709375986702645,0.0014519770658827594,0.005033723020360627,0.00519666725114084
6.519999999999949,15.644231915351902,0.0009765258886466227,0.005318144757091843,0.005810636954687508
6.5399999999999485,15.577484541855513,0.0004971095202887427,0.005566902899188105,0.006429485481126269
6.559999999999948,15.50979080001035,1.4657609643287535e-05,0.00577847821250452,0.007051877041112656
6.579999999999948,15.441836628635357,-0.00047116165377955274,0.005951662159290853,0.00767599005726368
6.599999999999947,15.374319507947279,-0.0009600966166165118,0.0060855768334470385,0.008299560674275824
6.619999999999947,15.30793182090236,-0.0014509074175144171,0.006179686215396265,0.008919952791961205
6.639999999999946,15.243347791697959,-0.0019415158257299434,0.006233803126949825,0.009534224940427036
6.659999999999946,15.181214135102046,-0.0024292771887466876,0.006248093467254298,0.010139188845610896
6.6799999999999455,15.122143736812923,-0.0029112223700562658,0.006223077989735961,0.010731462204314474
6.699999999999945,15.06671162519611,-0.003384238450483028,0.0061596316587127714,0.011307519536626016
6.719999999999945,15.01545264926319,-0.0038451970857614837,0.006058980672799927,0.011863745103528348
6.739999999999944,14.968860444099299,-0.0042910471168615336,0.0059226966903732576,0.012396491406577568
6.759999999999944,14.927387390002375,-0.0047188821803842524,0.0057526838800169315,0.012902139776389437
6.779999999999943,14.891445354102284,-0.005127953744775821,0.005553122488187924,0.013380525767852798
6.799999999999943,14.861407142523124,-0.005545268361130569,0.005353516170994262,0.013877522890897982
6.8199999999999426,14.837609506064092,-0.0059609668260593865,0.005115937289009608,0.014422321415275812
6.839999999999942,14.820334383094934,-0.006361117027263899,0.004819833028843544,0.0149991399497395
6.859999999999942,14.809775961440522,-0.00673936775002778,0.00447572091668943,0.015564880061324962
6.879999999999941,14.80603847949217,-0.007091643295350007,0.004092829922196916,0.016094171820995262
6.899999999999941,14.809150782490537,-0.0074151387100376605,0.0036791652978136477,0.01657116866969116
6.91999999999994,14.819076930715722,-0.0077082220084353364,0.0032418204607309203,0.016986477788786532
6.93999999999994,14.83572411664294,-0.00797030388707002,0.002786975171379584,0.017335435022730675
6.95999999999994,14.858948404780117,-0.008201608811009096,0.0023198382691208513,0.01761670065513108
6.979999999999939,14.8885585065984,-0.008402925711533395,0.0018446895217594872,0.017831029162591293
6.999999999999939,14.9243178338387,-0.008575399226310305,0.0013650275021267263,0.017980281903986834
7.019999999999938,14.965945195836516,-0.00872038223606888,0.0008837653681726601,0.018066736524413686
7.039999999999938,15.013114585728168,-0.008839343732345586,0.00040341661303789375,0.018092679601950743
7.059999999999937,15.065454502954433,-0.008933815974841766,-7.37617512238941e-05,0.01806022188355941
7.079999999999937,15.122547206334778,-0.009005365049166256,-0.0005456766327494974,0.01797126169718422
7.099999999999937,15.183928216756165,-0.009055573042834051,-0.0010103503887053274,0.017827531109257687
7.119999999999936,15.249086316056,-0.00908602453129214,-0.0014659044828766806,0.01763067731936091
7.139999999999936,15.317464230468065,-0.009098293533936286,-0.0019105634121394926,0.017382349570285907
7.159999999999935,15.38846014448134,-0.009093929367921642,-0.0023426694766346084,0.017084275620613803
7.179999999999935,15.461430160329002,-0.009074441137597006,-0.0027607018240678603,0.016738320976950577
7.1999999999999345,15.535691794147333,-0.00904128126305013,-0.0031632956248920973,0.01634652945346217
7.219999999999934,15.610528577055401,-0.008995828726523707,-0.003549259006492914,0.01591114638656199
7.239999999999934,15.685195804139077,-0.008939372772300235,-0.003917586549193083,0.015434626991961712
7.259999999999933,15.758927444097482,-0.008873097739958986,-0.004267468871555284,0.014919632628546899
7.279999999999933,15.830944185969614,-0.00879806960322812,-0.004598298252230474,0.014369017582211615
7.299999999999932,15.900462556924136,-0.008715224660227115,-0.004909670463694593,0.013785808662737577
7.319999999999932,15.96670499762647,-0.008625360692949332,-0.005201383107825955,0.013173179552673319
7.3399999999999315,16.02891073115734,-0.008529130792853197,-0.005473430794161559,0.012534421519831423
7.359999999999931,16.08634721056555,-0.008427039939599184,-0.005725997518609617,0.011872911825576767
7.379999999999931,16.138321882184165,-0.008319444322756438,-0.005959446600083439,0.011192080930927177
7.39999999999993,16.184193960447306,-0.008206553312486712,-0.006174308523851022,0.01049537941517332
7.41999999999993,16.223385878771577,-0.008088433914578287,-0.006371267027646053,0.009786245368362562
7.439999999999929,16.255394063469527,-0.007965017487600663,-0.006551143751691835,0.009068072891445258
7.459999999999929,16.279798676337645,-0.007836108454958558,-0.006714881757481924,0.008344182229516725
7.4799999999999285,16.296271988209973,-0.0077013947116396,-0.0068635282026483805,0.007617791969476187
7.499999999999928,16.30458508082907,-0.007560459404155591,-0.006998216440720623,0.006891993650389677
7.519999999999928,16.304612626872093,-0.007412793751803872,-0.0071201477951311435,0.0061697290606527525
7.539999999999927,16.29633556545472,-0.007257810577467721,-0.0072305732367945776,0.005453770429526208
7.559999999999927,16.27984156918814,-0.007094858226054993,-0.007330775174301988,0.004746703660945555
7.579999999999926,16.25532328413932,-0.006923234567494162,-0.007422049545648391,0.0040509147041070245
7.599999999999926,16.223074410497787,-0.006742200808300064,-0.0075056883809072475,0.0033685791077515295
7.6199999999999255,16.183483773920866,-0.006550994869849704,-0.007582962986696416,0.002701654762603079
7.639999999999925,16.13702761033936,-0.0063488441317975375,-0.007655107886021964,0.0020518777984637813
7.659999999999925,16.08426034622073,-0.006134977383993752,-0.00772330563123896,0.0014207615680265672
7.679999999999924,16.025804198858097,-0.005908635878660084,-0.007788672593551046,0.0008095986177299723
7.699999999999924,15.962337945531242,-0.005669083424991494,-0.007852245819619156,0.0002194655159828294
7.719999999999923,15.894585216168126,-0.005415615519288229,-0.00791497103425795,-0.00034876962005027937
7.739999999999923,15.823302652571352,-0.005147567554122038,-0.007977691857735223,-0.0008944370867394616
7.7599999999999225,15.749268250635494,-0.004864322198407492,-0.008041140296469237,-0.0014170532621270544
7.779999999999922,15.673270163357207,-0.004565316085771761,-0.008105928556804408,-0.0019163062261669966
7.799999999999922,15.596096195383309,-0.004250045989866889,-0.0081725422226777,-0.002392039609270599
7.819999999999921,15.518524168028497,-0.003918074701031656,-0.008241334829256894,-0.0028442349754091924
7.839999999999921,15.441313280619488,-0.003569036846970992,-0.008312523855906117,-0.003272993075735529
7.85999999999992,15.365196542766475,-0.0032026449177421624,-0.008386188152991518,-0.00367851433745743
7.87999999999992,15.290874305236088,-0.0028186957579972435,-0.008462266808218438,-0.004061078979580072
7.8999999999999195,15.219008876363983,-0.002417077770307367,-0.008540559449322825,-0.004421027171159571
7.919999999999919,15.15022017760402,-0.0019977790239700944,-0.00862072797121947,-0.004758739667308465
7.939999999999919,15.085082366455,-0.001560896373624612,-0.008702299667233303,-0.005074619371394621
7.959999999999918,15.0241213376841,-0.0011066455510778002,-0.008784671735826663,-0.005369074275945554
7.979999999999918,14.967813004077247,-0.0006353719960496255,-0.008867117126480717,-0.005642502225918966
7.999999999999917,14.916582255123524,-0.00014756194035385876,-0.00894879168088241,-0.005895277921790045
8.019999999999918,14.87080249503004,0.00035614702338932755,-0.00902874251837933,-0.006127742531077987
8.039999999999917,14.830795668994647,0.0008749569277944738,-0.009105917607362806,-0.00634019620102717
8.059999999999917,14.796832697321816,0.0014079031950686189,-0.009179176456597412,-0.006532893659607622
8.079999999999917,14.769134249283503,0.001953852409571605,-0.009247301851959702,-0.006706042958948886
8.099999999999916,14.7478718012115,0.002511505070241165,-0.009309012554196488,-0.006859807263614189
8.119999999999916,14.733168935015446,0.0030794037332083565,-0.009362976861693108,-0.00699430943270488
8.139999999999915,14.725102843440798,0.0036559461492829954,-0.009407826928919324,-0.007109639012979166
8.159999999999915,14.723706016777705,0.004239402141864843,-0.009442173716637152,-0.0072058611742824305
8.179999999999914,14.728968092845856,0.004827932368466899,-0.00946462243508262,-0.007283027094368455
8.199999999999914,14.740837858702054,0.00541960710899427,-0.00947378832791559,-0.007341185333886094
8.219999999999914,14.759225399294108,0.0060124240454998805,-0.009468312634120474,-0.007380393803870545
8.239999999999913,14.784004395077256,0.006604325466302462,-0.009446878558538886,-0.007400731964458085
8.259999999999913,14.81501457602503,0.007193216181890676,-0.009408227078662186,-0.007402312853845168
8.279999999999912,14.852064341544448,0.007776976977873294,-0.009351172412442016,-0.0073852944624357535
8.299999999999912,14.894933558766521,0.008357799724278858,-0.00927461695284243,-0.007349890371318808
8.319999999999911,14.9433727161519,0.008986639775203725,-0.009177576088491873,-0.00729605042673612
8.339999999999911,14.99705284343994,0.009652763186129577,-0.009059299966725064,-0.007219706432482465
8.35999999999991,15.055517898785766,0.01033163825150585,-0.008918968956668178,-0.007117832188591717
8.37999999999991,15.118202977176066,0.011007321438371983,-0.008755849119047022,-0.00698913572020385
8.39999999999991,15.1844633517987,0.011669105009619063,-0.008569396569576294,-0.006833245206913529
8.41999999999991,15.253596050328259,0.01230999606110523,-0.00835925988089369,-0.006650383379973354
8.439999999999909,15.324856620729937,0.012925764104590303,-0.008125277644336425,-0.00644116807814413
8.459999999999908,15.397472162990264,0.013514104857968626,-0.007867478848023902,-0.006206464185464659
8.479999999999908,15.470651407589596,0.014073884077547038,-0.007586083618041557,-0.005947279237765773
8.499999999999908,15.543592750226322,0.014604530859357938,-0.007281502975649363,-0.005664701366440062
8.519999999999907,15.615491220943893,0.015105621984887298,-0.006954337308548826,-0.005359872357609207
8.539999999999907,15.685545252309097,0.015576646473301077,-0.006605373479143696,-0.0050339845947509
8.559999999999906,15.752963869541945,0.016016908003652356,-0.006235580418151598,-0.004688290775283052
8.579999999999906,15.81697464706797,0.01642551643680465,-0.005846102997878492,-0.004324117876234096
8.599999999999905,15.876832525369812,0.016801427793737934,-0.005438254013056076,-0.0039428799659379276
8.619999999999905,15.931829386634844,0.01714350457168224,-0.005013504182522159,-0.003546087048476475
8.639999999999905,15.98130415001771,0.017450579564135923,-0.004573470178363185,-0.0031353488849500217
8.659999999999904,16.024653059070204,0.017721514501569495,-0.004119900768093361,-0.0027123737605076297
8.679999999999904,16.061339784900635,0.017955249929277106,-0.00365466121523305,-0.0022789626788097604
8.699999999999903,16.09090495071847,0.018150845558235228,-0.003179716127493215,-0.0018369996700770873
8.719999999999903,16.112974690997923,0.018307511675327955,-0.002697110974695012,-0.0013884389405832225
8.739999999999903,16.12726788782572,0.018424632705141972,-0.0022089525238144017,-0.0009352895595845185
8.759999999999902,16.13360177518186,0.018501784088203257,-0.0017173884583112343,-0.0004795983226467583
8.779999999999902,16.131895666002723,0.01853874352356912,-0.0012245864635718425,-2.3431371116844412e-05
8.799999999999901,16.12217263339723,0.018535497448080564,-0.0007327130700813396,0.00043114490510019174
8.8199999999999,16.10455906209457,0.01849224345305058,-0.00024391255058666656,0.0008820831984729954
8.8399999999999,16.079282074233927,0.018409389196305,0.00023971383321570982,0.0013273744025412227
8.8599999999999,16.046664919782213,0.018287548258290622,0.0007161279448180492,0.0017650661045179573
8.8799999999999,16.00712050111473,0.01812753331074393,0.0011833739693044628,0.002193280067215051
8.899999999999899,15.961143269104552,0.017930346906170076,0.0016395964290701875,0.0026102283438846166
8.919999999999899,15.909299780889011,0.017697170143891147,0.002083056775703352,0.003014227697771863
8.939999999999898,15.85221824502196,0.017429349407637643,0.0025121483380001423,0.0034037120268309556
8.959999999999898,15.79057739709863,0.01712838127679402,0.0029254094318282584,0.003777242522765869
8.979999999999897,15.72509504870443,0.016795895549717006,0.0033215344652904257,0.004133515320619761
8.999999999999897,15.656516636559186,0.01643363601644249,0.003699382901569896,0.004471366416783439
9.019999999999897,15.585604070010927,0.01604343806235377,0.004057985971857929,0.0047897736419722035
9.039999999999896,15.513125137526416,0.015627201170842098,0.0043965510617511175,0.005087855457424173
9.059999999999896,15.439843691287317,0.015186852584256888,0.004714463727252245,0.005364866272101961
9.079999999999895,15.366510789010064,0.014724295276105168,0.005011287332588476,0.005620187813346721
9.099999999999895,15.293856940246144,0.014241328444404636,0.005286760343860053,0.005853315757431568
9.119999999999894,15.222585588428824,0.013739522191547657,0.005540791363400375,0.0060638402600626095
9.139999999999894,15.153367967873036,0.013220024089184013,0.005773452051154458,0.006251418200804892
9.159999999999894,15.08683950984004,0.012683292034614373,0.005984968143824666,0.006415734211550277
9.179999999999893,15.023598011517182,0.012128841647869672,0.006175708808841849,0.006556448555101235
9.199999999999893,14.964203720172716,0.01155539269865124,0.006346174428264524,0.006673138021639994
9.219999999999892,14.90918100654837,0.010962392042846733,0.006496982316393315,0.006765263782738996
9.239999999999892,14.859019790544824,0.010354129547014703,0.006628848653909518,0.006832261435663528
9.259999999999891,14.814172038548802,0.009744898688408546,0.006742564586605905,0.006873902600888595
9.279999999999891,14.775037061245232,0.009156902794749379,0.0068389705379602594,0.006890910764376726
9.29999999999989,14.741936100191918,0.008605087098572908,0.006918945555043579,0.0068852396581104746
9.31999999999989,14.715092151215153,0.008084547220299214,0.0069834178904778456,0.006859247573824016
9.33999999999989,14.694634424167932,0.007578089411649248,0.007033358491605183,0.0068143297072573265
9.35999999999989,14.680625384999363,0.007071619401570053,0.007069733719238418,0.0067504814728445795
9.379999999999889,14.673089323131512,0.006560023687523517,0.007093463732471318,0.006666917402450206
9.399999999999888,14.672027681259207,0.006044651130476844,0.00710541831026727,0.006562793006266473
9.419999999999888,14.67742166091462,0.005529425592229789,0.007106426801659348,0.006437539096710945
9.439999999999888,14.689228758030694,0.005018508204267824,0.007097277828936992,0.006290896692643958
9.459999999999887,14.707378312144485,0.004515410751314448,0.007078707065238015,0.0061228436871382545
9.479999999999887,14.731768258972341,0.004022855483182036,0.00705138095384681,0.005933517943750338
9.499999999999886,14.76226353585502,0.003542900333860391,0.007015882530807991,0.005723168738704326
9.519999999999886,14.79869592726995,0.0030771087452886666,0.006972698773327174,0.00549213273898394
9.539999999999885,14.840865017755652,0.002626689243516334,0.006923085493270932,0.005242003563812185
9.559999999999885,14.888539060824034,0.0021925618630964203,0.006900397117385749,0.005015446394404799
9.579999999999885,14.941420658061402,0.0017744253807429776,0.006908766622171263,0.004810392434407742
9.599999999999884,14.999103982001818,0.0013723135305425914,0.006933480506583871,0.004602299378216128
9.619999999999884,15.061080915763057,0.0009869213117924777,0.00696557859177404,0.0043772829534632985
9.639999999999883,15.126764310608605,0.0006113645914832617,0.007001970582420557,0.004117697837243473
9.659999999999883,15.1955049153999,0.00020494818157703256,0.007051574211494447,0.003768471310110891
9.679999999999882,15.26660467121114,-0.00020511752984027302,0.007101165807843895,0.003363213411958
9.699999999999882,15.339328231687885,-0.0006039417534157303,0.007144967462645801,0.002920509543954683
9.719999999999882,15.412913735128921,-0.0009863985782018788,0.0071817766162761655,0.0024475278832217485
9.739999999999881,15.486581441801556,-0.0013501502234556817,0.007211808822150336,0.0019485482262560523
9.75999999999988,15.559541343164915,-0.001694422597322151,0.007235851828772861,0.0014262210531913618
9.77999999999988,15.631000542773231,-0.0020196039904727702,0.007254838714113974,0.0008819059863514149
9.79999999999988,15.700170884871124,-0.0023268625317182552,0.007269563837422036,0.0003160718645748048
9.81999999999988,15.766277134921943,-0.002617772357972211,0.007280514828819768,-0.00027126311684049176
9.839999999999879,15.82856584753591,-0.0028940234276288823,0.007287803948913385,-0.0008801664594651215
9.859999999999879,15.886314898569168,-0.0031572414595118403,0.00729116931045932,-0.0015105477670667767
9.879999999999878,15.938843526496216,-0.0034089015324888505,0.007290015325695206,-0.002162024969439865
9.899999999999878,15.98552263000603,-0.003650303492684259,0.007283469282353767,-0.002833867295714018
9.919999999999877,16.02578500322199,-0.0038825800054276046,0.007270440176109353,-0.003524983283170855
9.939999999999877,16.05913515349348,-0.004106717071007523,0.0072496731459249925,-0.004233931461537379
9.959999999999877,16.08515833587138,-0.004323575472580572,0.007219797326079552,-0.004958940628247428
9.979999999999876,16.103528450390503,-0.004533907759535324,0.007179367215052238,-0.005697933214588125
