time,ref_x,ref_y,ref_z,ref_vx,ref_vy,ref_vz,ref_phi,ref_theta,ref_psi,ref_dot_phi,ref_dot_theta,ref_dot_psi
0.0,0.0,0.0,0.0,0.0,0.0,0.0,0.0,-1.2217304763960306,1.2217304763960306,1.5352717957250113,9.40082845227922e-17,9.40082845227922e-17
0.02,0.0,0.0,0.0,0.0,0.0,0.0,0.030702203477866417,-1.221344640818666,1.221344640818666,1.5347869404388745,0.03858152675803374,-0.038581526758033544
0.04,0.0,0.0,0.0,0.0,0.0,0.0,0.0613850147859636,-1.2201873777885917,1.2201873777885917,1.5333326808254533,0.0771386845968337,-0.07713868459683351
0.06,0.0,0.0,0.0,0.0,0.0,0.0,0.09202905400303239,-1.2182594182579416,1.2182594182579418,1.53090993542629,0.11564711998909802,-0.11564711998909785
0.08,0.0,0.0,0.0,0.0,0.0,0.0,0.12261496569709736,-1.2155619799672788,1.215561979967279,1.5275202344993066,0.15408251018166624,-0.15408251018166608
0.1,0.0,0.0,0.0,0.0,0.0,0.0,0.15312343115077243,-1.2120967666764424,1.2120967666764424,1.5231657190522614,0.19242057855829164,-0.19242057855829148
0.12000000000000001,0.0,0.0,0.0,0.0,0.0,0.0,0.1835351805633769,-1.2078659670884184,1.2078659670884184,1.5178491394904425,0.23063710997327241,-0.23063710997327225
0.14,0.0,0.0,0.0,0.0,0.0,0.0,0.21383100522215462,-1.202872253466907,1.202872253466907,1.5115738538794539,0.26870796604625663,-0.26870796604625646
0.16,0.0,0.0,0.0,0.0,0.0,0.0,0.2439917696349085,-1.1971187799484635,1.1971187799484635,1.504343825824188,0.3066091004085607,-0.3066091004085605
0.18,0.0,0.0,0.0,0.0,0.0,0.0,0.27399842361638777,-1.190609180550279,1.190609180550279,1.496163621965328,0.3443165738913712,-0.34431657389137105
0.19999999999999998,0.0,0.0,0.0,0.0,0.0,0.0,0.30383201432079315,-1.183347566874856,1.183347566874856,1.4870384090949618,0.38180656964623705,-0.3818065696462369
0.21999999999999997,0.0,0.0,0.0,0.0,0.0,0.0,0.3334736982128004,-1.175338525513033,1.175338525513033,1.4769739508931217,0.4190554081883014,-0.41905540818830117
0.23999999999999996,0.0,0.0,0.0,0.0,0.0,0.0,0.3629047529695413,-1.166587115146995,1.1665871151469953,1.4659766042873241,0.4560395623527718,-0.45603956235277165
0.25999999999999995,0.0,0.0,0.0,0.0,0.0,0.0,0.3921065893060238,-1.157098863355102,1.1570988633551023,1.4540533154373956,0.4927356721551818,-0.49273567215518166
0.27999999999999997,0.0,0.0,0.0,0.0,0.0,0.0,0.4210607627165233,-1.1468797631205512,1.1468797631205512,1.4412116153481302,0.5291205595460579,-0.5291205595460576
0.3,0.0,0.0,0.0,0.0,0.0,0.0,0.44974898512452727,-1.1359362690460806,1.1359362690460806,1.427459615112546,0.5651712430506722,-0.5651712430506721
0.32,0.0,0.0,0.0,0.0,0.0,0.0,0.4781531364338767,-1.1242752932771038,1.124275293277104,1.412806000788744,0.6008649522846342,-0.6008649522846341
0.34,0.0,0.0,0.0,0.0,0.0,0.0,0.506255275973807,-1.1119042011358515,1.1119042011358515,1.3972600279136074,0.6361791423361544,-0.6361791423361542
0.36000000000000004,0.0,0.0,0.0,0.0,0.0,0.0,0.5340376538306605,-1.098830806469274,1.098830806469274,1.3808315156568076,0.6710915080058929,-0.671091508005893
0.38000000000000006,0.0,0.0,0.0,0.0,0.0,0.0,0.5614827220591118,-1.0850633667136504,1.0850633667136504,1.363530840618805,0.7055799978954022,-0.7055799978954019
0.4000000000000001,0.0,0.0,0.0,0.0,0.0,0.0,0.5885731457658266,-1.0706105776790134,1.0706105776790136,1.345368930276765,0.7396228283352624,-0.7396228283352618
0.4200000000000001,0.0,0.0,0.0,0.0,0.0,0.0,0.6152918140585524,-1.0554815680566894,1.0554815680566896,1.3263572560825323,0.773198497144114,-0.7731984971441137
0.4400000000000001,0.0,0.0,0.0,0.0,0.0,0.0,0.6416218508537229,-1.039685893653422,1.0396858936534221,1.3065078262170118,0.8062857972098971,-0.8062857972098968
0.46000000000000013,0.0,0.0,0.0,0.0,0.0,0.0,0.6675466255357565,-1.0232335313557195,1.0232335313557197,1.2858331780055479,0.838863829884716,-0.8388638298847154
0.48000000000000015,0.0,0.0,0.0,0.0,0.0,0.0,0.693049763461308,-1.006134872828239,1.0061348728282393,1.264346369999079,0.8709120181848757,-0.8709120181848755
0.5000000000000001,0.0,0.0,0.0,0.0,0.0,0.0,0.7181151563018442,-0.9884007179501894,0.9884007179501895,1.2420609737260768,0.9024101197877442,-0.9024101197877437
0.5200000000000001,0.0,0.0,0.0,0.0,0.0,0.0,0.7427269722180111,-0.970042267993894,0.9700422679938941,1.2189910651204798,0.9333382398172378,-0.9333382398172375
0.5400000000000001,0.0,0.0,0.0,0.0,0.0,0.0,0.7668696658593606,-0.9510711185498298,0.9510711185498298,1.1951512156310293,0.9636768434098508,-0.9636768434098508
0.5600000000000002,0.0,0.0,0.0,0.0,0.0,0.0,0.7905279881831291,-0.931499252202602,0.931499252202602,1.1705564830176323,0.9934067680532949,-0.9934067680532946
0.5800000000000002,0.0,0.0,0.0,0.0,0.0,0.0,0.8136869960858584,-0.9113390309624867,0.911339030962487,1.145222401840556,1.022509235689952,-1.0225092356899514
0.6000000000000002,0.0,0.0,0.0,0.0,0.0,0.0,0.836332061841781,-0.8906031884573216,0.8906031884573217,1.119164973648467,1.0509658645774977,-1.0509658645774975
0.6200000000000002,0.0,0.0,0.0,0.0,0.0,0.0,0.8584488823420048,-0.8693048218896722,0.8693048218896722,1.0924006568715112,1.0787586808992047,-1.0787586808992045
0.6400000000000002,0.0,0.0,0.0,0.0,0.0,0.0,0.880023488128663,-0.8474573837643595,0.8474573837643596,1.0649463564258153,1.105870130116589,-1.1058701301165887
0.6600000000000003,0.0,0.0,0.0,0.0,0.0,0.0,0.9010422522183239,-0.8250746733915679,0.825074673391568,1.0368194130359794,1.1322830880572352,-1.132283088057235
0.6800000000000003,0.0,0.0,0.0,0.0,0.0,0.0,0.9214918987090843,-0.8021708281709068,0.8021708281709072,1.0080375922823046,1.1579808717307878,-1.1579808717307873
0.7000000000000003,0.0,0.0,0.0,0.0,0.0,0.0,0.9413595111659158,-0.7787603146619249,0.7787603146619249,0.9786190733796716,1.182947249866288,-1.1829472498662879
0.7200000000000003,0.0,0.0,0.0,0.0,0.0,0.0,0.9606325407789599,-0.7548579194467209,0.7548579194467208,0.9485824376951579,1.207166453164191,-1.207166453164191
0.7400000000000003,0.0,0.0,0.0,0.0,0.0,0.0,0.9792988142896264,-0.7304787397904225,0.7304787397904228,0.9179466570116489,1.2306231842565942,-1.2306231842565938
0.7600000000000003,0.0,0.0,0.0,0.0,0.0,0.0,0.9973465416794842,-0.7056381741054296,0.7056381741054296,0.8867310815448535,1.253302627369382,-1.2533026273693817
0.7800000000000004,0.0,0.0,0.0,0.0,0.0,0.0,1.0147643236170898,-0.6803519122254466,0.6803519122254469,0.8549554277212925,1.2751904576801862,-1.275190457680186
0.8000000000000004,0.0,0.0,0.0,0.0,0.0,0.0,1.0315411586580496,-0.6546359254954471,0.6546359254954472,0.822639765724981,1.2962728503662528,-1.2962728503662528
0.8200000000000004,0.0,0.0,0.0,0.0,0.0,0.0,1.047666450193766,-0.6285064566838311,0.6285064566838311,0.7898045068206703,1.316536489336493,-1.3165364893364933
0.8400000000000004,0.0,0.0,0.0,0.0,0.0,0.0,1.0631300131444863,-0.6019800097231434,0.6019800097231434,0.7564703904616559,1.3359685756422155,-1.3359685756422155
0.8600000000000004,0.0,0.0,0.0,0.0,0.0,0.0,1.0779220803924137,-0.575073339285836,0.5750733392858364,0.7226584711902934,1.3545568355612134,-1.3545568355612132
0.8800000000000004,0.0,0.0,0.0,0.0,0.0,0.0,1.09203330895083,-0.5478034402016588,0.547803440201659,0.688390105339499,1.3722895283501124,-1.3722895283501124
0.9000000000000005,0.0,0.0,0.0,0.0,0.0,0.0,1.1054547858653263,-0.52018753672336,0.5201875367233599,0.6536869375436316,1.3891554536600748,-1.389155453660075
0.9200000000000005,0.0,0.0,0.0,0.0,0.0,0.0,1.1181780338434155,-0.492243071647479,0.4922430716474788,0.6185708870672778,1.4051439586111814,-1.4051439586111816
0.9400000000000005,0.0,0.0,0.0,0.0,0.0,0.0,1.130195016608972,-0.46398769529710293,0.463987695297103,0.5830641339605753,1.4202449445210161,-1.4202449445210161
0.9600000000000005,0.0,0.0,0.0,0.0,0.0,0.0,1.1414981439781164,-0.4354392543735433,0.4354392543735437,0.5471891050498164,1.434448873283214,-1.4344488732832137
0.9800000000000005,0.0,0.0,0.0,0.0,0.0,0.0,1.1520802766533378,-0.40661578068397763,0.40661578068397775,0.5109684597721852,1.447746773391929,-1.447746773391929
1.0000000000000004,0.0,0.0,0.0,0.0,0.0,0.0,1.1619347307328276,-0.37753547975217333,0.37753547975217316,0.4744250758635704,1.4601302456084344,-1.4601302456084344
1.0200000000000005,0.0,0.0,0.0,0.0,0.0,0.0,1.1710552819321745,-0.3482167193194885,0.34821671931948867,0.4375820349084978,1.4715914682662574,-1.4715914682662574
1.0400000000000005,0.0,0.0,0.0,0.0,0.0,0.0,1.179436169515757,-0.31867801774341326,0.31867801774341364,0.40046260776130604,1.4821232022115152,-1.482123202211515
1.0600000000000005,0.0,0.0,0.0,0.0,0.0,0.0,1.1870720999353457,-0.28893803230097787,0.288938032300978,0.36309023984777705,1.4917187953753164,-1.4917187953753164
1.0800000000000005,0.0,0.0,0.0,0.0,0.0,0.0,1.1939582501736241,-0.25901554740441673,0.25901554740441657,0.3254885363565018,1.500372186975353,-1.500372186975353
1.1000000000000005,0.0,0.0,0.0,0.0,0.0,0.0,1.2000902707905081,-0.22892946273653111,0.22892946273653125,0.28768124732933786,1.5080779113440186,-1.5080779113440186
1.1200000000000006,0.0,0.0,0.0,0.0,0.0,0.0,1.205464288670346,-0.19869878131324434,0.19869878131324475,0.2496922526603734,1.514831101380642,-1.514831101380642
1.1400000000000006,0.0,0.0,0.0,0.0,0.0,0.0,1.2100769094682613,-0.16834259748088967,0.1683425974808898,0.21154554701287473,1.5206274916256524,-1.5206274916256524
1.1600000000000006,0.0,0.0,0.0,0.0,0.0,0.0,1.213925219754094,-0.13788008485581157,0.1378800848558117,0.17326522466374206,1.5254634209547349,-1.5254634209547349
1.1800000000000006,0.0,0.0,0.0,0.0,0.0,0.0,1.2170067888525855,-0.1073304842138998,0.10733048421389968,0.13487546428504923,1.529335834891275,-1.529335834891275
1.2000000000000006,0.0,0.0,0.0,0.0,0.0,0.0,1.2193196703786442,-0.07671309133770132,0.07671309133770148,0.0964005136722742,1.5322422875356307,-1.5322422875356307
1.2200000000000006,0.0,0.0,0.0,0.0,0.0,0.0,1.2208624034667255,-0.04604724482879158,0.046047244828792,0.057864674428872984,1.5341809431100173,-1.5341809431100173
1.2400000000000007,0.0,0.0,0.0,0.0,0.0,0.0,1.2216340136935449,-0.015352313893098947,0.015352313893099096,0.019292286616865762,1.5351505771180214,-1.5351505771180214
1.2600000000000007,0.0,0.0,0.0,0.0,0.0,0.0,1.2216340136935449,0.015352313893100844,-0.015352313893100966,-0.01929228661686796,1.5351505771180214,-1.5351505771180214
1.2800000000000007,0.0,0.0,0.0,0.0,0.0,0.0,1.2208624034667255,0.046047244828793465,-0.04604724482879331,-0.05786467442887517,1.534180943110017,-1.534180943110017
1.3000000000000007,0.0,0.0,0.0,0.0,0.0,0.0,1.2193196703786442,0.07671309133770347,-0.07671309133770332,-0.09640051367227674,1.5322422875356305,-1.5322422875356305
1.3200000000000007,0.0,0.0,0.0,0.0,0.0,0.0,1.2170067888525853,0.10733048421390196,-0.10733048421390153,-0.1348754642850518,1.5293358348912747,-1.5293358348912747
1.3400000000000007,0.0,0.0,0.0,0.0,0.0,0.0,1.213925219754094,0.1378800848558137,-0.13788008485581357,-0.1732652246637446,1.5254634209547346,-1.5254634209547346
1.3600000000000008,0.0,0.0,0.0,0.0,0.0,0.0,1.210076909468261,0.16834259748089156,-0.1683425974808917,-0.21154554701287695,1.5206274916256521,-1.5206274916256521
1.3800000000000008,0.0,0.0,0.0,0.0,0.0,0.0,1.2054642886703457,0.19869878131324623,-0.1986987813132461,-0.24969225266037562,1.5148311013806415,-1.5148311013806415
1.4000000000000008,0.0,0.0,0.0,0.0,0.0,0.0,1.200090270790508,0.22892946273653297,-0.22892946273653259,-0.2876812473293401,1.5080779113440181,-1.5080779113440181
1.4200000000000008,0.0,0.0,0.0,0.0,0.0,0.0,1.193958250173624,0.25901554740441857,-0.25901554740441846,-0.32548853635650404,1.5003721869753524,-1.5003721869753526
1.4400000000000008,0.0,0.0,0.0,0.0,0.0,0.0,1.1870720999353452,0.28893803230098,-0.2889380323009798,-0.36309023984777955,1.491718795375316,-1.491718795375316
1.4600000000000009,0.0,0.0,0.0,0.0,0.0,0.0,1.1794361695157562,0.31867801774341536,-0.3186780177434155,-0.40046260776130854,1.4821232022115145,-1.4821232022115145
1.4800000000000009,0.0,0.0,0.0,0.0,0.0,0.0,1.171055281932174,0.34821671931949055,-0.34821671931949044,-0.4375820349085002,1.4715914682662568,-1.4715914682662568
1.5000000000000009,0.0,0.0,0.0,0.0,0.0,0.0,1.161934730732827,0.37753547975217533,-0.37753547975217494,-0.4744250758635728,1.4601302456084335,-1.4601302456084337
1.520000000000001,0.0,0.0,0.0,0.0,0.0,0.0,1.1520802766533371,0.40661578068397974,-0.4066157806839796,-0.5109684597721876,1.447746773391928,-1.4477467733919283
1.540000000000001,0.0,0.0,0.0,0.0,0.0,0.0,1.1414981439781158,0.43543925437354536,-0.43543925437354547,-0.5471891050498189,1.4344488732832128,-1.4344488732832128
1.560000000000001,0.0,0.0,0.0,0.0,0.0,0.0,1.1301950166089711,0.46398769529710493,-0.46398769529710476,-0.5830641339605777,1.4202449445210152,-1.4202449445210155
1.580000000000001,0.0,0.0,0.0,0.0,0.0,0.0,1.1181780338434146,0.4922430716474812,-0.4922430716474811,-0.6185708870672805,1.40514395861118,-1.4051439586111802
1.600000000000001,0.0,0.0,0.0,0.0,0.0,0.0,1.1054547858653256,0.5201875367233618,-0.5201875367233616,-0.6536869375436336,1.3891554536600739,-1.389155453660074
1.620000000000001,0.0,0.0,0.0,0.0,0.0,0.0,1.0920333089508292,0.5478034402016607,-0.5478034402016607,-0.6883901053395013,1.372289528350111,-1.372289528350111
1.640000000000001,0.0,0.0,0.0,0.0,0.0,0.0,1.0779220803924128,0.5750733392858381,-0.575073339285838,-0.7226584711902959,1.3545568355612119,-1.3545568355612123
1.660000000000001,0.0,0.0,0.0,0.0,0.0,0.0,1.0631300131444854,0.6019800097231452,-0.6019800097231451,-0.756470390461658,1.3359685756422142,-1.3359685756422144
1.680000000000001,0.0,0.0,0.0,0.0,0.0,0.0,1.0476664501937651,0.6285064566838332,-0.6285064566838331,-0.7898045068206727,1.3165364893364915,-1.3165364893364917
1.700000000000001,0.0,0.0,0.0,0.0,0.0,0.0,1.0315411586580485,0.6546359254954489,-0.6546359254954488,-0.8226397657249829,1.2962728503662513,-1.2962728503662513
1.720000000000001,0.0,0.0,0.0,0.0,0.0,0.0,1.0147643236170887,0.6803519122254484,-0.6803519122254484,-0.8549554277212947,1.2751904576801845,-1.2751904576801847
1.740000000000001,0.0,0.0,0.0,0.0,0.0,0.0,0.9973465416794831,0.7056381741054314,-0.7056381741054313,-0.8867310815448554,1.2533026273693804,-1.2533026273693804
1.7600000000000011,0.0,0.0,0.0,0.0,0.0,0.0,0.9792988142896251,0.7304787397904244,-0.7304787397904243,-0.9179466570116509,1.2306231842565925,-1.2306231842565927
1.7800000000000011,0.0,0.0,0.0,0.0,0.0,0.0,0.9606325407789588,0.7548579194467224,-0.7548579194467222,-0.9485824376951595,1.2071664531641897,-1.2071664531641897
1.8000000000000012,0.0,0.0,0.0,0.0,0.0,0.0,0.9413595111659144,0.7787603146619265,-0.7787603146619263,-0.9786190733796735,1.1829472498662863,-1.1829472498662865
1.8200000000000012,0.0,0.0,0.0,0.0,0.0,0.0,0.9214918987090829,0.8021708281709087,-0.8021708281709086,-1.0080375922823068,1.1579808717307858,-1.157980871730786
1.8400000000000012,0.0,0.0,0.0,0.0,0.0,0.0,0.9010422522183226,0.8250746733915696,-0.8250746733915695,-1.0368194130359811,1.1322830880572332,-1.1322830880572334
1.8600000000000012,0.0,0.0,0.0,0.0,0.0,0.0,0.8800234881286616,0.8474573837643612,-0.8474573837643611,-1.064946356425817,1.1058701301165872,-1.1058701301165872
1.8800000000000012,0.0,0.0,0.0,0.0,0.0,0.0,0.8584488823420034,0.8693048218896736,-0.8693048218896735,-1.0924006568715128,1.0787586808992027,-1.078758680899203
1.9000000000000012,0.0,0.0,0.0,0.0,0.0,0.0,0.8363320618417796,0.890603188457323,-0.890603188457323,-1.1191649736484688,1.0509658645774957,-1.0509658645774957
1.9200000000000013,0.0,0.0,0.0,0.0,0.0,0.0,0.813686996085857,0.9113390309624879,-0.9113390309624879,-1.1452224018405575,1.0225092356899501,-1.0225092356899501
1.9400000000000013,0.0,0.0,0.0,0.0,0.0,0.0,0.7905279881831274,0.9314992522026034,-0.931499252202603,-1.1705564830176338,0.9934067680532929,-0.9934067680532935
1.9600000000000013,0.0,0.0,0.0,0.0,0.0,0.0,0.7668696658593588,0.9510711185498315,-0.9510711185498311,-1.195151215631031,0.9636768434098485,-0.963676843409849
1.9800000000000013,0.0,0.0,0.0,0.0,0.0,0.0,0.7427269722180094,0.9700422679938954,-0.9700422679938953,-1.2189910651204812,0.9333382398172356,-0.9333382398172357
2.0000000000000013,0.0,0.0,0.0,0.0,0.0,0.0,0.7181151563018425,0.9884007179501907,-0.9884007179501906,-1.2420609737260784,0.9024101197877418,-0.902410119787742
2.0200000000000014,0.0,0.0,0.0,0.0,0.0,0.0,0.6930497634613063,1.0061348728282404,-1.0061348728282407,-1.2643463699990802,0.8709120181848735,-0.8709120181848732
2.0400000000000014,0.0,0.0,0.0,0.0,0.0,0.0,0.6675466255357546,1.0232335313557208,-1.023233531355721,-1.2858331780055494,0.8388638298847134,-0.8388638298847131
2.0600000000000014,0.0,0.0,0.0,0.0,0.0,0.0,0.6416218508537213,1.039685893653423,-1.0396858936534228,-1.3065078262170131,0.8062857972098947,-0.8062857972098949
2.0800000000000014,0.0,0.0,0.0,0.0,0.0,0.0,0.6152918140585505,1.0554815680566905,-1.0554815680566902,-1.3263572560825334,0.7731984971441117,-0.7731984971441118
2.1000000000000014,0.0,0.0,0.0,0.0,0.0,0.0,0.5885731457658246,1.0706105776790145,-1.0706105776790145,-1.3453689302767666,0.7396228283352597,-0.7396228283352598
2.1200000000000014,0.0,0.0,0.0,0.0,0.0,0.0,0.5614827220591099,1.0850633667136513,-1.085063366713651,-1.363530840618806,0.7055799978953997,-0.7055799978954005
2.1400000000000015,0.0,0.0,0.0,0.0,0.0,0.0,0.5340376538306584,1.0988308064692751,-1.0988308064692747,-1.380831515656809,0.6710915080058901,-0.6710915080058909
2.1600000000000015,0.0,0.0,0.0,0.0,0.0,0.0,0.5062552759738053,1.1119042011358522,-1.1119042011358522,-1.3972600279136087,0.6361791423361519,-0.636179142336152
2.1800000000000015,0.0,0.0,0.0,0.0,0.0,0.0,0.47815313643387464,1.124275293277105,-1.1242752932771047,-1.412806000788745,0.6008649522846314,-0.6008649522846315
2.2000000000000015,0.0,0.0,0.0,0.0,0.0,0.0,0.44974898512452555,1.1359362690460812,-1.1359362690460815,-1.4274596151125472,0.5651712430506698,-0.5651712430506692
2.2200000000000015,0.0,0.0,0.0,0.0,0.0,0.0,0.42106076271652126,1.146879763120552,-1.146879763120552,-1.4412116153481314,0.5291205595460553,-0.5291205595460549
2.2400000000000015,0.0,0.0,0.0,0.0,0.0,0.0,0.3921065893060215,1.157098863355103,-1.1570988633551031,-1.4540533154373967,0.49273567215517894,-0.49273567215517844
2.2600000000000016,0.0,0.0,0.0,0.0,0.0,0.0,0.3629047529695392,1.1665871151469958,-1.1665871151469958,-1.465976604287325,0.45603956235276916,-0.4560395623527694
2.2800000000000016,0.0,0.0,0.0,0.0,0.0,0.0,0.33347369821279804,1.1753385255130337,-1.1753385255130335,-1.4769739508931226,0.4190554081882984,-0.41905540818829856
2.3000000000000016,0.0,0.0,0.0,0.0,0.0,0.0,0.3038320143207911,1.1833475668748565,-1.1833475668748563,-1.4870384090949624,0.3818065696462344,-0.3818065696462352
2.3200000000000016,0.0,0.0,0.0,0.0,0.0,0.0,0.27399842361638543,1.1906091805502796,-1.1906091805502794,-1.496163621965329,0.34431657389136816,-0.34431657389136905
2.3400000000000016,0.0,0.0,0.0,0.0,0.0,0.0,0.24399176963490643,1.197118779948464,-1.197118779948464,-1.5043438258241884,0.306609100408558,-0.3066091004085582
2.3600000000000017,0.0,0.0,0.0,0.0,0.0,0.0,0.21383100522215226,1.2028722534669074,-1.2028722534669072,-1.5115738538794543,0.26870796604625363,-0.2687079660462538
2.3800000000000017,0.0,0.0,0.0,0.0,0.0,0.0,0.18353518056337426,1.2078659670884189,-1.2078659670884186,-1.5178491394904432,0.23063710997326906,-0.23063710997326925
2.4000000000000017,0.0,0.0,0.0,0.0,0.0,0.0,0.15312343115077007,1.2120967666764428,-1.2120967666764428,-1.5231657190522616,0.19242057855828862,-0.19242057855828815
2.4200000000000017,0.0,0.0,0.0,0.0,0.0,0.0,0.12261496569709476,1.2155619799672792,-1.2155619799672792,-1.5275202344993069,0.15408251018166286,-0.15408251018166236
2.4400000000000017,0.0,0.0,0.0,0.0,0.0,0.0,0.09202905400303008,1.218259418257942,-1.2182594182579418,-1.5309099354262903,0.11564711998909495,-0.11564711998909515
2.4600000000000017,0.0,0.0,0.0,0.0,0.0,0.0,0.06138501478596103,1.2201873777885919,-1.2201873777885917,-1.5333326808254537,0.0771386845968303,-0.07713868459683049
2.4800000000000018,0.0,0.0,0.0,0.0,0.0,0.0,0.03070220347786411,1.221344640818666,-1.221344640818666,-1.5347869404388743,0.038581526758030664,-0.03858152675803154
2.5000000000000018,0.0,0.0,0.0,0.0,0.0,0.0,-2.563167777828352e-15,1.2217304763960304,-1.2217304763960304,-1.5352717957250113,-3.314979908820243e-15,2.4451657011060515e-15
2.520000000000002,0.0,0.0,0.0,0.0,0.0,0.0,-0.030702203477869238,1.221344640818666,-1.221344640818666,-1.5347869404388743,-0.03858152675803729,0.03858152675803642
2.540000000000002,0.0,0.0,0.0,0.0,0.0,0.0,-0.061385014785966134,1.2201873777885914,-1.2201873777885914,-1.5333326808254528,-0.07713868459683691,0.07713868459683673
2.560000000000002,0.0,0.0,0.0,0.0,0.0,0.0,-0.0920290540030352,1.2182594182579416,-1.2182594182579416,-1.5309099354262898,-0.1156471199891016,0.1156471199891014
2.580000000000002,0.0,0.0,0.0,0.0,0.0,0.0,-0.12261496569709984,1.2155619799672785,-1.2155619799672785,-1.5275202344993062,-0.15408251018166946,0.15408251018166996
2.600000000000002,0.0,0.0,0.0,0.0,0.0,0.0,-0.15312343115077517,1.2120967666764422,-1.2120967666764422,-1.523165719052261,-0.1924205785582952,0.19242057855829567
2.620000000000002,0.0,0.0,0.0,0.0,0.0,0.0,-0.18353518056337936,1.207865967088418,-1.207865967088418,-1.517849139490442,-0.2306371099732756,0.23063710997327538
2.640000000000002,0.0,0.0,0.0,0.0,0.0,0.0,-0.2138310052221573,1.2028722534669065,-1.2028722534669065,-1.5115738538794532,-0.2687079660462601,0.2687079660462599
2.660000000000002,0.0,0.0,0.0,0.0,0.0,0.0,-0.24399176963491148,1.1971187799484628,-1.1971187799484628,-1.504343825824187,-0.30660910040856454,0.3066091004085643
2.680000000000002,0.0,0.0,0.0,0.0,0.0,0.0,-0.2739984236163905,1.1906091805502785,-1.1906091805502785,-1.4961636219653276,-0.34431657389137466,0.3443165738913738
2.700000000000002,0.0,0.0,0.0,0.0,0.0,0.0,-0.3038320143207961,1.1833475668748552,-1.1833475668748552,-1.4870384090949607,-0.3818065696462408,0.38180656964624
2.720000000000002,0.0,0.0,0.0,0.0,0.0,0.0,-0.3334736982128031,1.1753385255130322,-1.1753385255130322,-1.4769739508931208,-0.4190554081883049,0.41905540818830467
2.740000000000002,0.0,0.0,0.0,0.0,0.0,0.0,-0.36290475296954416,1.1665871151469942,-1.1665871151469942,-1.465976604287323,-0.4560395623527756,0.45603956235277543
2.760000000000002,0.0,0.0,0.0,0.0,0.0,0.0,-0.3921065893060264,1.1570988633551014,-1.157098863355101,-1.4540533154373945,-0.49273567215518516,0.49273567215518566
2.780000000000002,0.0,0.0,0.0,0.0,0.0,0.0,-0.42106076271652615,1.1468797631205503,-1.14687976312055,-1.4412116153481291,-0.5291205595460615,0.529120559546062
2.800000000000002,0.0,0.0,0.0,0.0,0.0,0.0,-0.44974898512453027,1.1359362690460792,-1.1359362690460792,-1.4274596151125447,-0.5651712430506759,0.5651712430506765
2.820000000000002,0.0,0.0,0.0,0.0,0.0,0.0,-0.4781531364338794,1.124275293277103,-1.124275293277103,-1.4128060007887426,-0.6008649522846375,0.6008649522846374
2.840000000000002,0.0,0.0,0.0,0.0,0.0,0.0,-0.5062552759738099,1.1119042011358502,-1.1119042011358502,-1.3972600279136058,-0.6361791423361579,0.6361791423361578
2.860000000000002,0.0,0.0,0.0,0.0,0.0,0.0,-0.534037653830663,1.098830806469273,-1.0988308064692731,-1.380831515656806,-0.6710915080058961,0.6710915080058953
2.880000000000002,0.0,0.0,0.0,0.0,0.0,0.0,-0.5614827220591145,1.0850633667136491,-1.0850633667136493,-1.3635308406188031,-0.7055799978954056,0.7055799978954049
2.900000000000002,0.0,0.0,0.0,0.0,0.0,0.0,-0.5885731457658292,1.070610577679012,-1.070610577679012,-1.3453689302767635,-0.7396228283352653,0.7396228283352653
2.920000000000002,0.0,0.0,0.0,0.0,0.0,0.0,-0.6152918140585549,1.0554815680566878,-1.0554815680566878,-1.3263572560825303,-0.7731984971441174,0.7731984971441171
2.940000000000002,0.0,0.0,0.0,0.0,0.0,0.0,-0.6416218508537257,1.0396858936534203,-1.0396858936534203,-1.3065078262170098,-0.8062857972099003,0.8062857972099002
2.960000000000002,0.0,0.0,0.0,0.0,0.0,0.0,-0.6675466255357589,1.023233531355718,-1.0232335313557177,-1.285833178005546,-0.8388638298847189,0.8388638298847194
2.980000000000002,0.0,0.0,0.0,0.0,0.0,0.0,-0.6930497634613106,1.0061348728282373,-1.006134872828237,-1.2643463699990767,-0.8709120181848787,0.8709120181848793
3.000000000000002,0.0,0.0,0.0,0.0,0.0,0.0,-0.7181151563018466,0.9884007179501876,-0.9884007179501876,-1.2420609737260746,-0.9024101197877471,0.9024101197877469
3.0200000000000022,0.0,0.0,0.0,0.0,0.0,0.0,-0.7427269722180135,0.9700422679938921,-0.9700422679938923,-1.2189910651204774,-0.9333382398172407,0.9333382398172405
3.0400000000000023,0.0,0.0,0.0,0.0,0.0,0.0,-0.7668696658593628,0.9510711185498281,-0.9510711185498286,-1.195151215631027,-0.9636768434098534,0.9636768434098527
3.0600000000000023,0.0,0.0,0.0,0.0,0.0,0.0,-0.7905279881831313,0.9314992522026,-0.9314992522026004,-1.1705564830176298,-0.9934067680532978,0.9934067680532971
3.0800000000000023,0.0,0.0,0.0,0.0,0.0,0.0,-0.8136869960858608,0.9113390309624845,-0.911339030962485,-1.145222401840553,-1.022509235689955,1.0225092356899543
3.1000000000000023,0.0,0.0,0.0,0.0,0.0,0.0,-0.8363320618417832,0.8906031884573196,-0.8906031884573196,-1.1191649736484646,-1.0509658645775004,1.0509658645775004
3.1200000000000023,0.0,0.0,0.0,0.0,0.0,0.0,-0.8584488823420071,0.86930482188967,-0.86930482188967,-1.0924006568715083,-1.0787586808992073,1.0787586808992071
3.1400000000000023,0.0,0.0,0.0,0.0,0.0,0.0,-0.8800234881286652,0.8474573837643574,-0.8474573837643571,-1.0649463564258126,-1.1058701301165916,1.1058701301165919
3.1600000000000024,0.0,0.0,0.0,0.0,0.0,0.0,-0.9010422522183259,0.8250746733915656,-0.8250746733915654,-1.0368194130359765,-1.1322830880572377,1.132283088057238
3.1800000000000024,0.0,0.0,0.0,0.0,0.0,0.0,-0.9214918987090862,0.8021708281709047,-0.8021708281709048,-1.008037592282302,-1.15798087173079,1.15798087173079
3.2000000000000024,0.0,0.0,0.0,0.0,0.0,0.0,-0.9413595111659177,0.7787603146619224,-0.7787603146619225,-0.9786190733796687,-1.1829472498662905,1.1829472498662905
3.2200000000000024,0.0,0.0,0.0,0.0,0.0,0.0,-0.9606325407789619,0.7548579194467182,-0.7548579194467183,-0.9485824376951545,-1.2071664531641937,1.2071664531641935
3.2400000000000024,0.0,0.0,0.0,0.0,0.0,0.0,-0.9792988142896284,0.7304787397904198,-0.7304787397904198,-0.9179466570116452,-1.2306231842565967,1.2306231842565967
3.2600000000000025,0.0,0.0,0.0,0.0,0.0,0.0,-0.9973465416794857,0.7056381741054275,-0.7056381741054276,-0.8867310815448508,-1.2533026273693835,1.2533026273693835
3.2800000000000025,0.0,0.0,0.0,0.0,0.0,0.0,-1.0147643236170916,0.6803519122254441,-0.6803519122254442,-0.8549554277212894,-1.2751904576801882,1.2751904576801882
3.3000000000000025,0.0,0.0,0.0,0.0,0.0,0.0,-1.031541158658051,0.6546359254954445,-0.6546359254954446,-0.8226397657249775,-1.2962728503662548,1.2962728503662546
3.3200000000000025,0.0,0.0,0.0,0.0,0.0,0.0,-1.0476664501937678,0.6285064566838282,-0.6285064566838283,-0.7898045068206667,-1.3165364893364955,1.3165364893364953
3.3400000000000025,0.0,0.0,0.0,0.0,0.0,0.0,-1.0631300131444876,0.6019800097231411,-0.6019800097231413,-0.7564703904616531,-1.3359685756422173,1.335968575642217
3.3600000000000025,0.0,0.0,0.0,0.0,0.0,0.0,-1.077922080392415,0.5750733392858335,-0.5750733392858337,-0.7226584711902901,-1.3545568355612152,1.3545568355612152
3.3800000000000026,0.0,0.0,0.0,0.0,0.0,0.0,-1.0920333089508314,0.5478034402016561,-0.5478034402016563,-0.6883901053394954,-1.3722895283501142,1.372289528350114
3.4000000000000026,0.0,0.0,0.0,0.0,0.0,0.0,-1.1054547858653279,0.5201875367233569,-0.5201875367233572,-0.6536869375436277,-1.3891554536600768,1.3891554536600765
3.4200000000000026,0.0,0.0,0.0,0.0,0.0,0.0,-1.1181780338434169,0.4922430716474759,-0.492243071647476,-0.6185708870672739,-1.4051439586111831,1.405143958611183
3.4400000000000026,0.0,0.0,0.0,0.0,0.0,0.0,-1.130195016608973,0.4639876952971005,-0.46398769529710066,-0.5830641339605722,-1.4202449445210177,1.4202449445210175
3.4600000000000026,0.0,0.0,0.0,0.0,0.0,0.0,-1.1414981439781173,0.43543925437354064,-0.4354392543735408,-0.5471891050498131,-1.4344488732832152,1.434448873283215
3.4800000000000026,0.0,0.0,0.0,0.0,0.0,0.0,-1.152080276653339,0.4066157806839747,-0.40661578068397486,-0.5109684597721815,-1.4477467733919305,1.4477467733919303
3.5000000000000027,0.0,0.0,0.0,0.0,0.0,0.0,-1.1619347307328285,0.37753547975217006,-0.37753547975217017,-0.47442507586356636,-1.4601302456084355,1.4601302456084355
3.5200000000000027,0.0,0.0,0.0,0.0,0.0,0.0,-1.1710552819321756,0.348216719319485,-0.3482167193194851,-0.43758203490849334,-1.4715914682662588,1.4715914682662588
3.5400000000000027,0.0,0.0,0.0,0.0,0.0,0.0,-1.1794361695157576,0.31867801774341054,-0.3186780177434107,-0.40046260776130266,-1.4821232022115163,1.4821232022115163
3.5600000000000027,0.0,0.0,0.0,0.0,0.0,0.0,-1.1870720999353463,0.2889380323009748,-0.288938032300975,-0.3630902398477733,-1.4917187953753175,1.4917187953753173
3.5800000000000027,0.0,0.0,0.0,0.0,0.0,0.0,-1.1939582501736248,0.2590155474044134,-0.25901554740441357,-0.3254885363564977,-1.500372186975354,1.500372186975354
3.6000000000000028,0.0,0.0,0.0,0.0,0.0,0.0,-1.2000902707905088,0.22892946273652753,-0.22892946273652764,-0.28768124732933337,-1.5080779113440193,1.5080779113440193
3.6200000000000028,0.0,0.0,0.0,0.0,0.0,0.0,-1.2054642886703464,0.1986987813132415,-0.1986987813132417,-0.2496922526603699,-1.5148311013806426,1.5148311013806426
3.640000000000003,0.0,0.0,0.0,0.0,0.0,0.0,-1.2100769094682617,0.1683425974808866,-0.16834259748088676,-0.2115455470128709,-1.520627491625653,1.520627491625653
3.660000000000003,0.0,0.0,0.0,0.0,0.0,0.0,-1.2139252197540944,0.1378800848558085,-0.13788008485580863,-0.1732652246637382,-1.5254634209547353,1.5254634209547353
3.680000000000003,0.0,0.0,0.0,0.0,0.0,0.0,-1.2170067888525857,0.10733048421389643,-0.10733048421389658,-0.13487546428504502,-1.5293358348912753,1.5293358348912751
3.700000000000003,0.0,0.0,0.0,0.0,0.0,0.0,-1.2193196703786444,0.07671309133769769,-0.07671309133769784,-0.09640051367226962,-1.532242287535631,1.532242287535631
3.720000000000003,0.0,0.0,0.0,0.0,0.0,0.0,-1.2208624034667255,0.04604724482878875,-0.04604724482878889,-0.05786467442886942,-1.5341809431100175,1.5341809431100173
3.740000000000003,0.0,0.0,0.0,0.0,0.0,0.0,-1.2216340136935449,0.015352313893095843,-0.015352313893095992,-0.019292286616861862,-1.5351505771180214,1.5351505771180216
3.760000000000003,0.0,0.0,0.0,0.0,0.0,0.0,-1.2216340136935449,-0.015352313893104222,0.015352313893104073,0.019292286616872205,-1.5351505771180214,1.5351505771180214
3.780000000000003,0.0,0.0,0.0,0.0,0.0,0.0,-1.2208624034667255,-0.046047244828797115,0.04604724482879697,0.057864674428879756,-1.534180943110017,1.534180943110017
3.800000000000003,0.0,0.0,0.0,0.0,0.0,0.0,-1.2193196703786437,-0.07671309133770712,0.07671309133770697,0.09640051367228132,-1.5322422875356303,1.5322422875356303
3.820000000000003,0.0,0.0,0.0,0.0,0.0,0.0,-1.2170067888525848,-0.10733048421390479,0.10733048421390463,0.13487546428505534,-1.5293358348912742,1.5293358348912742
3.840000000000003,0.0,0.0,0.0,0.0,0.0,0.0,-1.2139252197540935,-0.13788008485581682,0.13788008485581665,0.17326522466374847,-1.5254634209547342,1.5254634209547342
3.860000000000003,0.0,0.0,0.0,0.0,0.0,0.0,-1.2100769094682606,-0.16834259748089492,0.16834259748089475,0.21154554701288114,-1.5206274916256517,1.5206274916256517
3.880000000000003,0.0,0.0,0.0,0.0,0.0,0.0,-1.205464288670345,-0.19869878131324983,0.19869878131324967,0.2496922526603801,-1.5148311013806408,1.5148311013806408
3.900000000000003,0.0,0.0,0.0,0.0,0.0,0.0,-1.2000902707905075,-0.22892946273653575,0.22892946273653558,0.2876812473293435,-1.5080779113440175,1.5080779113440175
3.920000000000003,0.0,0.0,0.0,0.0,0.0,0.0,-1.1939582501736232,-0.2590155474044216,0.25901554740442145,0.3254885363565078,-1.5003721869753517,1.5003721869753517
3.940000000000003,0.0,0.0,0.0,0.0,0.0,0.0,-1.1870720999353443,-0.28893803230098297,0.2889380323009828,0.36309023984778327,-1.4917187953753148,1.4917187953753148
3.960000000000003,0.0,0.0,0.0,0.0,0.0,0.0,-1.1794361695157554,-0.31867801774341864,0.3186780177434185,0.4004626077613126,-1.4821232022115134,1.4821232022115134
3.980000000000003,0.0,0.0,0.0,0.0,0.0,0.0,-1.171055281932173,-0.3482167193194941,0.34821671931949394,0.43758203490850456,-1.4715914682662554,1.4715914682662554
4.000000000000003,0.0,0.0,0.0,0.0,0.0,0.0,-1.161934730732826,-0.37753547975217805,0.37753547975217794,0.47442507586357624,-1.4601302456084322,1.4601302456084322
4.020000000000002,0.0,0.0,0.0,0.0,0.0,0.0,-1.1520802766533365,-0.40661578068398163,0.40661578068398146,0.51096845977219,-1.4477467733919274,1.4477467733919274
4.040000000000002,0.0,0.0,0.0,0.0,0.0,0.0,-1.1414981439781153,-0.43543925437354647,0.43543925437354636,0.5471891050498203,-1.4344488732832124,1.4344488732832124
4.060000000000001,0.0,0.0,0.0,0.0,0.0,0.0,-1.1301950166089711,-0.4639876952971053,0.4639876952971052,0.5830641339605781,-1.4202449445210152,1.4202449445210152
4.080000000000001,0.0,0.0,0.0,0.0,0.0,0.0,-1.1181780338434149,-0.4922430716474806,0.4922430716474805,0.6185708870672797,-1.4051439586111805,1.4051439586111805
4.1000000000000005,0.0,0.0,0.0,0.0,0.0,0.0,-1.1054547858653256,-0.5201875367233616,0.5201875367233615,0.6536869375436334,-1.389155453660074,1.389155453660074
4.12,0.0,0.0,0.0,0.0,0.0,0.0,-1.0920333089508296,-0.5478034402016597,0.5478034402016596,0.6883901053394998,-1.3722895283501118,1.3722895283501118
4.14,0.0,0.0,0.0,0.0,0.0,0.0,-1.0779220803924137,-0.5750733392858361,0.575073339285836,0.7226584711902934,-1.3545568355612134,1.3545568355612134
4.159999999999999,0.0,0.0,0.0,0.0,0.0,0.0,-1.0631300131444867,-0.6019800097231427,0.6019800097231426,0.7564703904616549,-1.335968575642216,1.335968575642216
4.179999999999999,0.0,0.0,0.0,0.0,0.0,0.0,-1.0476664501937671,-0.6285064566838299,0.6285064566838297,0.7898045068206684,-1.3165364893364944,1.3165364893364944
4.199999999999998,0.0,0.0,0.0,0.0,0.0,0.0,-1.0315411586580507,-0.6546359254954451,0.6546359254954451,0.8226397657249782,-1.2962728503662542,1.2962728503662542
4.219999999999998,0.0,0.0,0.0,0.0,0.0,0.0,-1.0147643236170918,-0.6803519122254439,0.6803519122254439,0.8549554277212887,-1.2751904576801885,1.2751904576801885
4.2399999999999975,0.0,0.0,0.0,0.0,0.0,0.0,-0.997346541679486,-0.7056381741054274,0.7056381741054272,0.8867310815448503,-1.253302627369384,1.2533026273693841
4.259999999999997,0.0,0.0,0.0,0.0,0.0,0.0,-0.9792988142896287,-0.7304787397904196,0.7304787397904194,0.9179466570116448,-1.2306231842565971,1.2306231842565971
4.279999999999997,0.0,0.0,0.0,0.0,0.0,0.0,-0.9606325407789628,-0.7548579194467171,0.7548579194467171,0.9485824376951529,-1.2071664531641948,1.2071664531641948
4.299999999999996,0.0,0.0,0.0,0.0,0.0,0.0,-0.9413595111659194,-0.7787603146619205,0.7787603146619204,0.9786190733796659,-1.1829472498662925,1.1829472498662927
4.319999999999996,0.0,0.0,0.0,0.0,0.0,0.0,-0.9214918987090887,-0.8021708281709021,0.8021708281709019,1.0080375922822984,-1.1579808717307931,1.1579808717307933
4.339999999999995,0.0,0.0,0.0,0.0,0.0,0.0,-0.9010422522183288,-0.8250746733915627,0.8250746733915625,1.0368194130359725,-1.1322830880572414,1.1322830880572414
4.359999999999995,0.0,0.0,0.0,0.0,0.0,0.0,-0.880023488128668,-0.8474573837643544,0.8474573837643542,1.0649463564258086,-1.1058701301165954,1.1058701301165954
4.379999999999995,0.0,0.0,0.0,0.0,0.0,0.0,-0.8584488823420106,-0.8693048218896667,0.8693048218896666,1.0924006568715041,-1.0787586808992116,1.0787586808992118
4.399999999999994,0.0,0.0,0.0,0.0,0.0,0.0,-0.8363320618417875,-0.8906031884573156,0.8906031884573155,1.1191649736484595,-1.0509658645775057,1.0509658645775057
4.419999999999994,0.0,0.0,0.0,0.0,0.0,0.0,-0.8136869960858656,-0.9113390309624804,0.9113390309624803,1.1452224018405477,-1.022509235689961,1.022509235689961
4.439999999999993,0.0,0.0,0.0,0.0,0.0,0.0,-0.7905279881831371,-0.9314992522025952,0.9314992522025951,1.1705564830176236,-0.993406768053305,0.9934067680533051
4.459999999999993,0.0,0.0,0.0,0.0,0.0,0.0,-0.7668696658593694,-0.9510711185498228,0.9510711185498228,1.1951512156310202,-0.9636768434098618,0.9636768434098619
4.479999999999992,0.0,0.0,0.0,0.0,0.0,0.0,-0.7427269722180199,-0.9700422679938874,0.9700422679938873,1.2189910651204712,-0.9333382398172487,0.933338239817249
4.499999999999992,0.0,0.0,0.0,0.0,0.0,0.0,-0.718115156301854,-0.9884007179501824,0.9884007179501824,1.242060973726068,-0.9024101197877563,0.9024101197877564
4.519999999999992,0.0,0.0,0.0,0.0,0.0,0.0,-0.6930497634613185,-1.006134872828232,1.006134872828232,1.2643463699990698,-0.8709120181848888,0.8709120181848891
4.539999999999991,0.0,0.0,0.0,0.0,0.0,0.0,-0.6675466255357679,-1.0232335313557122,1.0232335313557122,1.2858331780055385,-0.8388638298847301,0.8388638298847303
4.559999999999991,0.0,0.0,0.0,0.0,0.0,0.0,-0.6416218508537352,-1.0396858936534144,1.0396858936534144,1.3065078262170022,-0.8062857972099123,0.8062857972099124
4.57999999999999,0.0,0.0,0.0,0.0,0.0,0.0,-0.6152918140585655,-1.0554815680566814,1.0554815680566814,1.3263572560825223,-0.7731984971441306,0.7731984971441308
4.59999999999999,0.0,0.0,0.0,0.0,0.0,0.0,-0.5885731457658409,-1.0706105776790054,1.0706105776790054,1.3453689302767553,-0.7396228283352801,0.7396228283352804
4.6199999999999894,0.0,0.0,0.0,0.0,0.0,0.0,-0.561482722059126,-1.0850633667136431,1.0850633667136431,1.3635308406187954,-0.7055799978954199,0.70557999789542
4.639999999999989,0.0,0.0,0.0,0.0,0.0,0.0,-0.5340376538306756,-1.0988308064692667,1.0988308064692667,1.3808315156567985,-0.6710915080059118,0.671091508005912
4.659999999999989,0.0,0.0,0.0,0.0,0.0,0.0,-0.5062552759738231,-1.1119042011358442,1.1119042011358442,1.3972600279135983,-0.6361791423361743,0.6361791423361746
4.679999999999988,0.0,0.0,0.0,0.0,0.0,0.0,-0.4781531364338938,-1.1242752932770967,1.1242752932770967,1.4128060007887349,-0.6008649522846554,0.6008649522846556
4.699999999999988,0.0,0.0,0.0,0.0,0.0,0.0,-0.4497489851245453,-1.1359362690460733,1.1359362690460733,1.4274596151125372,-0.5651712430506947,0.5651712430506948
4.719999999999987,0.0,0.0,0.0,0.0,0.0,0.0,-0.4210607627165423,-1.1468797631205443,1.1468797631205443,1.4412116153481216,-0.5291205595460817,0.529120559546082
4.739999999999987,0.0,0.0,0.0,0.0,0.0,0.0,-0.39210658930604275,-1.1570988633550958,1.1570988633550958,1.4540533154373876,-0.49273567215520553,0.4927356721552058
4.7599999999999865,0.0,0.0,0.0,0.0,0.0,0.0,-0.36290475296956115,-1.166587115146989,1.166587115146989,1.4659766042873164,-0.4560395623527967,0.45603956235279697
4.779999999999986,0.0,0.0,0.0,0.0,0.0,0.0,-0.3334736982128212,-1.175338525513027,1.175338525513027,1.4769739508931141,-0.4190554081883274,0.4190554081883277
4.799999999999986,0.0,0.0,0.0,0.0,0.0,0.0,-0.30383201432081486,-1.1833475668748503,1.1833475668748503,1.4870384090949544,-0.3818065696462643,0.3818065696462645
4.819999999999985,0.0,0.0,0.0,0.0,0.0,0.0,-0.27399842361641047,-1.1906091805502739,1.1906091805502739,1.4961636219653216,-0.34431657389139964,0.3443165738913998
4.839999999999985,0.0,0.0,0.0,0.0,0.0,0.0,-0.24399176963493208,-1.1971187799484586,1.1971187799484586,1.5043438258241817,-0.3066091004085903,0.3066091004085904
4.859999999999984,0.0,0.0,0.0,0.0,0.0,0.0,-0.21383100522217804,-1.2028722534669027,1.2028722534669027,1.5115738538794485,-0.26870796604628605,0.2687079660462862
4.879999999999984,0.0,0.0,0.0,0.0,0.0,0.0,-0.18353518056340126,-1.2078659670884146,1.2078659670884146,1.5178491394904379,-0.23063710997330297,0.23063710997330314
4.8999999999999835,0.0,0.0,0.0,0.0,0.0,0.0,-0.15312343115079768,-1.2120967666764393,1.2120967666764393,1.5231657190522572,-0.1924205785583233,0.19242057855832348
4.919999999999983,0.0,0.0,0.0,0.0,0.0,0.0,-0.12261496569712352,-1.2155619799672763,1.2155619799672763,1.5275202344993033,-0.154082510181699,0.1540825101816992
4.939999999999983,0.0,0.0,0.0,0.0,0.0,0.0,-0.09202905400305944,-1.2182594182579398,1.2182594182579398,1.5309099354262876,-0.11564711998913185,0.11564711998913205
4.959999999999982,0.0,0.0,0.0,0.0,0.0,0.0,-0.06138501478599151,-1.2201873777885903,1.2201873777885903,1.5333326808254515,-0.07713868459686861,0.0771386845968688
4.979999999999982,0.0,0.0,0.0,0.0,0.0,0.0,-0.03070220347789518,-1.2213446408186652,1.2213446408186652,1.5347869404388734,-0.0385815267580697,0.03858152675806989
4.999999999999981,0.0,0.0,0.0,0.0,0.0,0.0,-2.851221840291543e-14,-1.2217304763960304,1.2217304763960304,1.5352717957250113,-3.573550206433594e-14,3.5923518633381524e-14
5.019999999999981,0.0,0.0,0.0,0.0,0.0,0.0,0.030702203477837083,-1.2213446408186666,1.2213446408186666,1.5347869404388754,0.03858152675799689,-0.038581526757996705
5.0399999999999805,0.0,0.0,0.0,0.0,0.0,0.0,0.06138501478593348,-1.220187377788593,1.2201873777885932,1.533332680825455,0.07713868459679588,-0.0771386845967957
5.05999999999998,0.0,0.0,0.0,0.0,0.0,0.0,0.09202905400300149,-1.218259418257944,1.218259418257944,1.5309099354262932,0.11564711998905924,-0.11564711998905905
5.07999999999998,0.0,0.0,0.0,0.0,0.0,0.0,0.1226149656970657,-1.2155619799672819,1.215561979967282,1.5275202344993106,0.15408251018162653,-0.15408251018162636
5.099999999999979,0.0,0.0,0.0,0.0,0.0,0.0,0.15312343115074004,-1.2120967666764464,1.2120967666764466,1.5231657190522665,0.19242057855825104,-0.19242057855825087
5.119999999999979,0.0,0.0,0.0,0.0,0.0,0.0,0.18353518056334486,-1.2078659670884233,1.2078659670884233,1.5178491394904485,0.23063710997323228,-0.23063710997323347
5.139999999999978,0.0,0.0,0.0,0.0,0.0,0.0,0.2138310052221219,-1.2028722534669127,1.2028722534669127,1.511573853879461,0.26870796604621566,-0.2687079660462155
5.159999999999978,0.0,0.0,0.0,0.0,0.0,0.0,0.24399176963487515,-1.1971187799484702,1.1971187799484706,1.5043438258241961,0.3066091004085189,-0.3066091004085174
5.1799999999999775,0.0,0.0,0.0,0.0,0.0,0.0,0.27399842361635385,-1.1906091805502867,1.1906091805502867,1.496163621965338,0.34431657389132864,-0.34431657389132847
5.199999999999977,0.0,0.0,0.0,0.0,0.0,0.0,0.3038320143207587,-1.1833475668748648,1.1833475668748648,1.4870384090949729,0.3818065696461938,-0.38180656964619486
5.219999999999977,0.0,0.0,0.0,0.0,0.0,0.0,0.33347369821276535,-1.175338525513043,1.175338525513043,1.4769739508931343,0.4190554081882574,-0.4190554081882572
5.239999999999976,0.0,0.0,0.0,0.0,0.0,0.0,0.36290475296950564,-1.1665871151470062,1.1665871151470066,1.465976604287338,0.4560395623527272,-0.45603956235272564
5.259999999999976,0.0,0.0,0.0,0.0,0.0,0.0,0.39210658930598874,-1.1570988633551138,1.1570988633551138,1.4540533154374105,0.49273567215513786,-0.49273567215513897
5.279999999999975,0.0,0.0,0.0,0.0,0.0,0.0,0.4210607627164878,-1.1468797631205643,1.1468797631205643,1.4412116153481467,0.5291205595460133,-0.5291205595460131
5.299999999999975,0.0,0.0,0.0,0.0,0.0,0.0,0.44974898512449135,-1.1359362690460948,1.1359362690460952,1.4274596151125643,0.5651712430506269,-0.5651712430506255
5.3199999999999745,0.0,0.0,0.0,0.0,0.0,0.0,0.47815313643384033,-1.1242752932771194,1.1242752932771196,1.4128060007887635,0.6008649522845885,-0.6008649522845882
5.339999999999974,0.0,0.0,0.0,0.0,0.0,0.0,0.5062552759737703,-1.1119042011358682,1.111904201135868,1.3972600279136285,0.6361791423361081,-0.6361791423361091
5.359999999999974,0.0,0.0,0.0,0.0,0.0,0.0,0.5340376538306233,-1.098830806469292,1.0988308064692922,1.3808315156568303,0.6710915080058463,-0.671091508005846
5.379999999999973,0.0,0.0,0.0,0.0,0.0,0.0,0.5614827220590753,-1.0850633667136693,1.0850633667136693,1.3635308406188285,0.7055799978953564,-0.7055799978953562
5.399999999999973,0.0,0.0,0.0,0.0,0.0,0.0,0.58857314576579,-1.0706105776790333,1.070610577679033,1.3453689302767904,0.7396228283352162,-0.7396228283352173
5.419999999999972,0.0,0.0,0.0,0.0,0.0,0.0,0.6152918140585154,-1.0554815680567107,1.055481568056711,1.3263572560825592,0.7731984971440677,-0.7731984971440675
5.439999999999972,0.0,0.0,0.0,0.0,0.0,0.0,0.6416218508536858,-1.0396858936534448,1.0396858936534454,1.3065078262170404,0.8062857972098503,-0.8062857972098488
5.4599999999999715,0.0,0.0,0.0,0.0,0.0,0.0,0.6675466255357194,-1.023233531355744,1.023233531355744,1.2858331780055785,0.8388638298846691,-0.8388638298846689
5.479999999999971,0.0,0.0,0.0,0.0,0.0,0.0,0.6930497634612706,-1.0061348728282649,1.0061348728282642,1.264346369999111,0.8709120181848287,-0.8709120181848297
5.499999999999971,0.0,0.0,0.0,0.0,0.0,0.0,0.7181151563018079,-0.9884007179502158,0.9884007179502164,1.2420609737261101,0.9024101197876984,-0.9024101197876971
5.51999999999997,0.0,0.0,0.0,0.0,0.0,0.0,0.7427269722179746,-0.970042267993922,0.970042267993922,1.2189910651205147,0.9333382398171918,-0.9333382398171918
5.53999999999997,0.0,0.0,0.0,0.0,0.0,0.0,0.7668696658593243,-0.9510711185498592,0.9510711185498586,1.1951512156310662,0.963676843409805,-0.9636768434098059
5.559999999999969,0.0,0.0,0.0,0.0,0.0,0.0,0.7905279881830928,-0.9314992522026327,0.9314992522026329,1.170556483017671,0.9934067680532493,-0.9934067680532492
5.579999999999969,0.0,0.0,0.0,0.0,0.0,0.0,0.8136869960858223,-0.9113390309625189,0.9113390309625197,1.1452224018405963,1.0225092356899066,-1.0225092356899053
5.599999999999969,0.0,0.0,0.0,0.0,0.0,0.0,0.8363320618417452,-0.8906031884573552,0.8906031884573553,1.1191649736485094,1.0509658645774527,-1.0509658645774524
5.619999999999968,0.0,0.0,0.0,0.0,0.0,0.0,0.8584488823419691,-0.8693048218897075,0.8693048218897068,1.0924006568715554,1.0787586808991596,-1.0787586808991605
5.639999999999968,0.0,0.0,0.0,0.0,0.0,0.0,0.8800234881286285,-0.8474573837643954,0.8474573837643963,1.0649463564258603,1.1058701301165457,-1.1058701301165446
5.659999999999967,0.0,0.0,0.0,0.0,0.0,0.0,0.9010422522182896,-0.8250746733916053,0.8250746733916056,1.0368194130360264,1.1322830880571921,-1.132283088057192
5.679999999999967,0.0,0.0,0.0,0.0,0.0,0.0,0.9214918987090506,-0.8021708281709458,0.8021708281709451,1.0080375922823537,1.1579808717307452,-1.157980871730746
5.699999999999966,0.0,0.0,0.0,0.0,0.0,0.0,0.9413595111658825,-0.7787603146619652,0.7787603146619653,0.9786190733797223,1.182947249866246,-1.1829472498662459
5.719999999999966,0.0,0.0,0.0,0.0,0.0,0.0,0.9606325407789269,-0.7548579194467627,0.7548579194467636,0.9485824376952104,1.2071664531641497,-1.2071664531641488
5.739999999999966,0.0,0.0,0.0,0.0,0.0,0.0,0.979298814289594,-0.730478739790466,0.7304787397904661,0.9179466570117034,1.2306231842565534,-1.2306231842565534
5.759999999999965,0.0,0.0,0.0,0.0,0.0,0.0,0.9973465416794531,-0.7056381741054737,0.7056381741054737,0.8867310815449088,1.2533026273693426,-1.2533026273693424
5.779999999999965,0.0,0.0,0.0,0.0,0.0,0.0,1.0147643236170596,-0.680351912225492,0.6803519122254931,0.8549554277213496,1.2751904576801478,-1.2751904576801472
5.799999999999964,0.0,0.0,0.0,0.0,0.0,0.0,1.0315411586580197,-0.6546359254954941,0.6546359254954942,0.8226397657250399,1.2962728503662153,-1.2962728503662153
5.819999999999964,0.0,0.0,0.0,0.0,0.0,0.0,1.0476664501937372,-0.6285064566838795,0.6285064566838786,0.7898045068207311,1.3165364893364566,-1.3165364893364573
5.839999999999963,0.0,0.0,0.0,0.0,0.0,0.0,1.0631300131444583,-0.6019800097231931,0.6019800097231932,0.7564703904617185,1.3359685756421802,-1.3359685756421802
5.859999999999963,0.0,0.0,0.0,0.0,0.0,0.0,1.0779220803923864,-0.5750733392858872,0.5750733392858883,0.7226584711903578,1.354556835561179,-1.3545568355611786
5.879999999999963,0.0,0.0,0.0,0.0,0.0,0.0,1.092033308950804,-0.5478034402017105,0.5478034402017098,0.6883901053395639,1.3722895283500796,-1.3722895283500802
5.899999999999962,0.0,0.0,0.0,0.0,0.0,0.0,1.1054547858653012,-0.5201875367234131,0.5201875367234132,0.6536869375436983,1.3891554536600434,-1.3891554536600434
5.919999999999962,0.0,0.0,0.0,0.0,0.0,0.0,1.1181780338433913,-0.49224307164753356,0.4922430716475348,0.6185708870673465,1.4051439586111512,-1.4051439586111505
5.939999999999961,0.0,0.0,0.0,0.0,0.0,0.0,1.1301950166089492,-0.4639876952971589,0.4639876952971591,0.5830641339606457,1.4202449445209875,-1.4202449445209875
5.959999999999961,0.0,0.0,0.0,0.0,0.0,0.0,1.1414981439780945,-0.4354392543736006,0.4354392543735998,0.5471891050498886,1.4344488732831864,-1.4344488732831868
5.9799999999999605,0.0,0.0,0.0,0.0,0.0,0.0,1.1520802766533171,-0.4066157806840362,0.4066157806840364,0.5109684597722589,1.4477467733919032,-1.4477467733919032
5.99999999999996,0.0,0.0,0.0,0.0,0.0,0.0,1.161934730732808,-0.3775354797522331,0.37753547975223434,0.4744250758636457,1.4601302456084098,-1.4601302456084095
6.01999999999996,0.0,0.0,0.0,0.0,0.0,0.0,1.1710552819321567,-0.34821671931954856,0.34821671931954773,0.4375820349085733,1.471591468266235,-1.4715914682662354
6.039999999999959,0.0,0.0,0.0,0.0,0.0,0.0,1.1794361695157403,-0.31867801774347454,0.31867801774347476,0.40046260776138315,1.4821232022114943,-1.4821232022114943
6.059999999999959,0.0,0.0,0.0,0.0,0.0,0.0,1.1870720999353306,-0.28893803230104037,0.28893803230104154,0.3630902398478556,1.4917187953752973,-1.491718795375297
6.079999999999958,0.0,0.0,0.0,0.0,0.0,0.0,1.1939582501736103,-0.25901554740448035,0.2590155474044805,0.3254885363565818,1.5003721869753355,-1.5003721869753355
6.099999999999958,0.0,0.0,0.0,0.0,0.0,0.0,1.200090270790496,-0.2289294627365959,0.22892946273659498,0.2876812473294193,1.508077911344003,-1.5080779113440033
6.1199999999999575,0.0,0.0,0.0,0.0,0.0,0.0,1.2054642886703353,-0.19869878131331023,0.19869878131331037,0.2496922526604562,1.5148311013806282,-1.5148311013806282
6.139999999999957,0.0,0.0,0.0,0.0,0.0,0.0,1.2100769094682522,-0.16834259748095554,0.16834259748095565,0.2115455470129575,1.5206274916256408,-1.5206274916256408
6.159999999999957,0.0,0.0,0.0,0.0,0.0,0.0,1.2139252197540866,-0.13788008485587874,0.13788008485587777,0.17326522466382646,1.5254634209547253,-1.5254634209547255
6.179999999999956,0.0,0.0,0.0,0.0,0.0,0.0,1.2170067888525793,-0.10733048421396793,0.10733048421396807,0.13487546428513486,1.5293358348912673,-1.5293358348912673
6.199999999999956,0.0,0.0,0.0,0.0,0.0,0.0,1.21931967037864,-0.0767130913377704,0.0767130913377716,0.09640051367236101,1.5322422875356254,-1.5322422875356252
6.219999999999955,0.0,0.0,0.0,0.0,0.0,0.0,1.220862403466723,-0.04604724482886154,0.046047244828861696,0.057864674428960906,1.5341809431100137,-1.5341809431100137
6.239999999999955,0.0,0.0,0.0,0.0,0.0,0.0,1.2216340136935437,-0.015352313893169774,0.015352313893168839,0.019292286616954764,1.5351505771180203,-1.5351505771180203
6.2599999999999545,0.0,0.0,0.0,0.0,0.0,0.0,1.2216340136935457,0.015352313893029206,-0.015352313893029056,-0.019292286616777937,1.5351505771180225,-1.5351505771180227
6.279999999999954,0.0,0.0,0.0,0.0,0.0,0.0,1.2208624034667281,0.04604724482872215,-0.046047244828721995,-0.05786467442878555,1.5341809431100204,-1.5341809431100206
6.299999999999954,0.0,0.0,0.0,0.0,0.0,0.0,1.2193196703786486,0.07671309133763117,-0.07671309133763211,-0.09640051367218587,1.532242287535636,-1.5322422875356363
6.319999999999953,0.0,0.0,0.0,0.0,0.0,0.0,1.2170067888525917,0.10733048421382896,-0.10733048421382883,-0.13487546428496006,1.5293358348912827,-1.5293358348912827
6.339999999999953,0.0,0.0,0.0,0.0,0.0,0.0,1.2139252197541022,0.1378800848557401,-0.1378800848557389,-0.1732652246636521,1.525463420954745,-1.5254634209547453
6.359999999999952,0.0,0.0,0.0,0.0,0.0,0.0,1.2100769094682713,0.16834259748081737,-0.16834259748081723,-0.21154554701278372,1.520627491625665,-1.520627491625665
6.379999999999952,0.0,0.0,0.0,0.0,0.0,0.0,1.205464288670358,0.1986987813131726,-0.19869878131317245,-0.24969225266028308,1.5148311013806568,-1.5148311013806568
6.3999999999999515,0.0,0.0,0.0,0.0,0.0,0.0,1.2000902707905223,0.2289294627364578,-0.22892946273645767,-0.2876812473292456,1.5080779113440361,-1.5080779113440361
6.419999999999951,0.0,0.0,0.0,0.0,0.0,0.0,1.1939582501736399,0.25901554740434407,-0.2590155474043439,-0.32548853635641034,1.5003721869753728,-1.5003721869753728
6.439999999999951,0.0,0.0,0.0,0.0,0.0,0.0,1.1870720999353637,0.28893803230090376,-0.28893803230090365,-0.3630902398476838,1.491718795375339,-1.491718795375339
6.45999999999995,0.0,0.0,0.0,0.0,0.0,0.0,1.1794361695157767,0.3186780177433399,-0.31867801774333976,-0.4004626077612137,1.48212320221154,-1.48212320221154
6.47999999999995,0.0,0.0,0.0,0.0,0.0,0.0,1.1710552819321962,0.34821671931941595,-0.3482167193194157,-0.4375820349084063,1.4715914682662845,-1.4715914682662847
6.499999999999949,0.0,0.0,0.0,0.0,0.0,0.0,1.1619347307328516,0.3775354797520995,-0.37753547975209933,-0.47442507586347743,1.4601302456084644,-1.4601302456084644
6.519999999999949,0.0,0.0,0.0,0.0,0.0,0.0,1.1520802766533635,0.4066157806839047,-0.4066157806839046,-0.5109684597720934,1.4477467733919613,-1.4477467733919616
6.5399999999999485,0.0,0.0,0.0,0.0,0.0,0.0,1.1414981439781446,0.4354392543734693,-0.4354392543734691,-0.5471891050497232,1.4344488732832492,-1.4344488732832494
6.559999999999948,0.0,0.0,0.0,0.0,0.0,0.0,1.130195016609002,0.4639876952970299,-0.4639876952970297,-0.5830641339604833,1.4202449445210539,-1.420244944521054
6.579999999999948,0.0,0.0,0.0,0.0,0.0,0.0,1.1181780338434482,0.492243071647405,-0.4922430716474048,-0.6185708870671845,1.4051439586112222,-1.4051439586112224
6.599999999999947,0.0,0.0,0.0,0.0,0.0,0.0,1.105454785865361,0.5201875367232869,-0.5201875367232867,-0.6536869375435395,1.389155453660118,-1.3891554536601183
6.619999999999947,0.0,0.0,0.0,0.0,0.0,0.0,1.0920333089508663,0.5478034402015869,-0.5478034402015867,-0.6883901053394081,1.3722895283501577,-1.372289528350158
6.639999999999946,0.0,0.0,0.0,0.0,0.0,0.0,1.0779220803924527,0.5750733392857632,-0.5750733392857631,-0.7226584711902017,1.3545568355612623,-1.3545568355612623
6.659999999999946,0.0,0.0,0.0,0.0,0.0,0.0,1.0631300131445272,0.6019800097230718,-0.6019800097230716,-0.7564703904615657,1.3359685756422666,-1.3359685756422666
6.6799999999999455,0.0,0.0,0.0,0.0,0.0,0.0,1.0476664501938096,0.628506456683759,-0.6285064566837589,-0.7898045068205795,1.3165364893365474,-1.3165364893365477
6.699999999999945,0.0,0.0,0.0,0.0,0.0,0.0,1.0315411586580945,0.6546359254953763,-0.6546359254953762,-0.8226397657248916,1.296272850366309,-1.2962728503663092
6.719999999999945,0.0,0.0,0.0,0.0,0.0,0.0,1.0147643236171366,0.6803519122253772,-0.6803519122253769,-0.8549554277212049,1.2751904576802446,-1.2751904576802449
6.739999999999944,0.0,0.0,0.0,0.0,0.0,0.0,0.9973465416795337,0.7056381741053598,-0.7056381741053598,-0.8867310815447655,1.2533026273694439,-1.2533026273694439
6.759999999999944,0.0,0.0,0.0,0.0,0.0,0.0,0.9792988142896775,0.7304787397903542,-0.730478739790354,-0.9179466570115626,1.2306231842566584,-1.2306231842566584
6.779999999999943,0.0,0.0,0.0,0.0,0.0,0.0,0.9606325407790138,0.7548579194466523,-0.7548579194466521,-0.9485824376950713,1.207166453164259,-1.2071664531642592
6.799999999999943,0.0,0.0,0.0,0.0,0.0,0.0,0.9413595111659714,0.7787603146618577,-0.7787603146618576,-0.978619073379587,1.182947249866358,-1.182947249866358
6.8199999999999426,0.0,0.0,0.0,0.0,0.0,0.0,0.9214918987091429,0.8021708281708398,-0.8021708281708397,-1.0080375922822202,1.1579808717308613,-1.1579808717308613
6.839999999999942,0.0,0.0,0.0,0.0,0.0,0.0,0.9010422522183839,0.8250746733915025,-0.8250746733915024,-1.036819413035897,1.1322830880573105,-1.1322830880573107
6.859999999999942,0.0,0.0,0.0,0.0,0.0,0.0,0.8800234881287246,0.8474573837642957,-0.8474573837642955,-1.0649463564257349,1.1058701301166662,-1.1058701301166665
6.879999999999941,0.0,0.0,0.0,0.0,0.0,0.0,0.8584488823420693,0.8693048218896087,-0.8693048218896086,-1.0924006568714313,1.0787586808992855,-1.0787586808992855
6.899999999999941,0.0,0.0,0.0,0.0,0.0,0.0,0.8363320618418469,0.8906031884572597,-0.8906031884572597,-1.1191649736483893,1.0509658645775806,-1.0509658645775806
6.91999999999994,0.0,0.0,0.0,0.0,0.0,0.0,0.8136869960859272,0.9113390309624253,-0.9113390309624252,-1.1452224018404784,1.0225092356900383,-1.0225092356900385
6.93999999999994,0.0,0.0,0.0,0.0,0.0,0.0,0.7905279881831991,0.9314992522025425,-0.9314992522025424,-1.1705564830175572,0.993406768053383,-0.9934067680533831
6.95999999999994,0.0,0.0,0.0,0.0,0.0,0.0,0.7668696658594337,0.951071118549771,-0.951071118549771,-1.195151215630955,0.9636768434099425,-0.9636768434099428
6.979999999999939,0.0,0.0,0.0,0.0,0.0,0.0,0.7427269722180854,0.9700422679938372,-0.9700422679938371,-1.2189910651204081,0.9333382398173311,-0.9333382398173312
6.999999999999939,0.0,0.0,0.0,0.0,0.0,0.0,0.7181151563019199,0.9884007179501344,-0.9884007179501343,-1.2420609737260078,0.9024101197878391,-0.9024101197878394
7.019999999999938,0.0,0.0,0.0,0.0,0.0,0.0,0.6930497634613866,1.0061348728281851,-1.006134872828185,-1.2643463699990107,0.8709120181849742,-0.8709120181849744
7.039999999999938,0.0,0.0,0.0,0.0,0.0,0.0,0.6675466255358363,1.0232335313556675,-1.0232335313556675,-1.2858331780054826,0.838863829884816,-0.838863829884816
7.059999999999937,0.0,0.0,0.0,0.0,0.0,0.0,0.6416218508538055,1.039685893653371,-1.0396858936533708,-1.3065078262169478,0.8062857972100006,-0.8062857972100007
7.079999999999937,0.0,0.0,0.0,0.0,0.0,0.0,0.6152918140586361,1.0554815680566405,-1.0554815680566403,-1.326357256082471,0.7731984971442193,-0.7731984971442194
7.099999999999937,0.0,0.0,0.0,0.0,0.0,0.0,0.5885731457659114,1.0706105776789667,-1.0706105776789667,-1.3453689302767067,0.7396228283353687,-0.7396228283353689
7.119999999999936,0.0,0.0,0.0,0.0,0.0,0.0,0.5614827220591994,1.0850633667136051,-1.085063366713605,-1.3635308406187479,0.7055799978955121,-0.7055799978955123
7.139999999999936,0.0,0.0,0.0,0.0,0.0,0.0,0.534037653830749,1.0988308064692311,-1.098830806469231,-1.3808315156567539,0.6710915080060039,-0.6710915080060041
7.159999999999935,0.0,0.0,0.0,0.0,0.0,0.0,0.5062552759738983,1.11190420113581,-1.1119042011358098,-1.3972600279135554,0.6361791423362689,-0.636179142336269
7.179999999999935,0.0,0.0,0.0,0.0,0.0,0.0,0.47815313643396884,1.1242752932770648,-1.1242752932770648,-1.412806000788695,0.6008649522847498,-0.60086495228475
7.1999999999999345,0.0,0.0,0.0,0.0,0.0,0.0,0.4497489851246222,1.135936269046043,-1.135936269046043,-1.427459615112499,0.5651712430507912,-0.5651712430507914
7.219999999999934,0.0,0.0,0.0,0.0,0.0,0.0,0.42106076271661885,1.146879763120516,-1.146879763120516,-1.4412116153480863,0.5291205595461779,-0.5291205595461781
7.239999999999934,0.0,0.0,0.0,0.0,0.0,0.0,0.39210658930611997,1.1570988633550696,-1.1570988633550696,-1.4540533154373547,0.4927356721553026,-0.4927356721553028
7.259999999999933,0.0,0.0,0.0,0.0,0.0,0.0,0.3629047529696401,1.1665871151469644,-1.1665871151469644,-1.4659766042872855,0.4560395623528959,-0.45603956235289606
7.279999999999933,0.0,0.0,0.0,0.0,0.0,0.0,0.3334736982128996,1.1753385255130049,-1.1753385255130047,-1.4769739508930864,0.41905540818842607,-0.41905540818842624
7.299999999999932,0.0,0.0,0.0,0.0,0.0,0.0,0.30383201432089496,1.18334756687483,-1.18334756687483,-1.487038409094929,0.3818065696463649,-0.38180656964636506
7.319999999999932,0.0,0.0,0.0,0.0,0.0,0.0,0.2739984236164899,1.1906091805502554,-1.1906091805502554,-1.4961636219652985,0.34431657389149944,-0.3443165738914996
7.3399999999999315,0.0,0.0,0.0,0.0,0.0,0.0,0.24399176963501304,1.1971187799484422,-1.1971187799484422,-1.5043438258241608,0.306609100408692,-0.30660910040869216
7.359999999999931,0.0,0.0,0.0,0.0,0.0,0.0,0.21383100522225937,1.2028722534668885,-1.2028722534668883,-1.5115738538794303,0.26870796604638825,-0.2687079660463884
7.379999999999931,0.0,0.0,0.0,0.0,0.0,0.0,0.18353518056348184,1.2078659670884024,-1.2078659670884024,-1.5178491394904225,0.23063710997340425,-0.2306371099734044
7.39999999999993,0.0,0.0,0.0,0.0,0.0,0.0,0.15312343115087965,1.212096766676429,-1.212096766676429,-1.5231657190522445,0.19242057855842631,-0.19242057855842648
7.41999999999993,0.0,0.0,0.0,0.0,0.0,0.0,0.12261496569720463,1.2155619799672681,-1.2155619799672681,-1.527520234499293,0.15408251018180094,-0.15408251018180114
7.439999999999929,0.0,0.0,0.0,0.0,0.0,0.0,0.09202905400314182,1.2182594182579336,-1.2182594182579334,-1.5309099354262796,0.1156471199892354,-0.11564711998923559
7.459999999999929,0.0,0.0,0.0,0.0,0.0,0.0,0.061385014786072944,1.220187377788586,-1.220187377788586,-1.5333326808254464,0.07713868459697094,-0.07713868459697114
7.4799999999999285,0.0,0.0,0.0,0.0,0.0,0.0,0.0307022034779756,1.2213446408186632,-1.2213446408186632,-1.534786940438871,0.03858152675817077,-0.038581526758170955
7.499999999999928,0.0,0.0,0.0,0.0,0.0,0.0,1.1113055016534232e-13,1.2217304763960304,-1.2217304763960304,-1.5352717957250113,1.395567597110098e-13,-1.3974477628005538e-13
7.519999999999928,0.0,0.0,0.0,0.0,0.0,0.0,-0.03070220347775558,1.2213446408186688,-1.2213446408186688,-1.5347869404388779,-0.03858152675789447,0.03858152675789427
7.539999999999927,0.0,0.0,0.0,0.0,0.0,0.0,-0.06138501478585096,1.2201873777885972,-1.2201873777885972,-1.5333326808254604,-0.07713868459669218,0.07713868459669199
7.559999999999927,0.0,0.0,0.0,0.0,0.0,0.0,-0.0920290540029202,1.2182594182579503,-1.2182594182579503,-1.5309099354263007,-0.11564711998895708,0.11564711998895688
7.579999999999926,0.0,0.0,0.0,0.0,0.0,0.0,-0.1226149656969835,1.2155619799672903,-1.2155619799672903,-1.5275202344993213,-0.15408251018152325,0.15408251018152305
7.599999999999926,0.0,0.0,0.0,0.0,0.0,0.0,-0.15312343115065916,1.2120967666764566,-1.2120967666764566,-1.5231657190522792,-0.19242057855814942,0.19242057855814923
7.6199999999999255,0.0,0.0,0.0,0.0,0.0,0.0,-0.18353518056326426,1.2078659670884355,-1.2078659670884355,-1.517849139490464,-0.23063710997313097,0.2306371099731308
7.639999999999925,0.0,0.0,0.0,0.0,0.0,0.0,-0.21383100522204054,1.2028722534669272,-1.2028722534669272,-1.5115738538794792,-0.2687079660461134,0.26870796604611324
7.659999999999925,0.0,0.0,0.0,0.0,0.0,0.0,-0.24399176963479527,1.1971187799484866,-1.1971187799484866,-1.5043438258242168,-0.3066091004084185,0.3066091004084183
7.679999999999924,0.0,0.0,0.0,0.0,0.0,0.0,-0.27399842361627336,1.1906091805503054,-1.1906091805503054,-1.4961636219653611,-0.3443165738912275,0.34431657389122733
7.699999999999924,0.0,0.0,0.0,0.0,0.0,0.0,-0.30383201432067963,1.1833475668748852,-1.1833475668748852,-1.4870384090949984,-0.3818065696460945,0.3818065696460943
7.719999999999923,0.0,0.0,0.0,0.0,0.0,0.0,-0.3334736982126858,1.1753385255130655,-1.1753385255130655,-1.4769739508931625,-0.4190554081881575,0.41905540818815734
7.739999999999923,0.0,0.0,0.0,0.0,0.0,0.0,-0.3629047529694278,1.1665871151470306,-1.1665871151470306,-1.4659766042873683,-0.4560395623526293,0.45603956235262916
7.7599999999999225,0.0,0.0,0.0,0.0,0.0,0.0,-0.39210658930591147,1.1570988633551402,-1.1570988633551402,-1.4540533154374435,-0.49273567215504077,0.4927356721550406
7.779999999999922,0.0,0.0,0.0,0.0,0.0,0.0,-0.4210607627164102,1.1468797631205927,-1.1468797631205927,-1.4412116153481824,-0.5291205595459159,0.5291205595459156
7.799999999999922,0.0,0.0,0.0,0.0,0.0,0.0,-0.44974898512441547,1.1359362690461248,-1.1359362690461248,-1.4274596151126018,-0.5651712430505316,0.5651712430505315
7.819999999999921,0.0,0.0,0.0,0.0,0.0,0.0,-0.4781531364337642,1.1242752932771518,-1.1242752932771518,-1.4128060007888041,-0.6008649522844929,0.6008649522844927
7.839999999999921,0.0,0.0,0.0,0.0,0.0,0.0,-0.506255275973696,1.1119042011359022,-1.1119042011359022,-1.397260027913671,-0.6361791423360148,0.6361791423360147
7.85999999999992,0.0,0.0,0.0,0.0,0.0,0.0,-0.534037653830551,1.0988308064693273,-1.0988308064693273,-1.3808315156568747,-0.6710915080057552,0.6710915080057551
7.87999999999992,0.0,0.0,0.0,0.0,0.0,0.0,-0.561482722059002,1.0850633667137073,-1.0850633667137073,-1.3635308406188762,-0.7055799978952642,0.705579997895264
7.8999999999999195,0.0,0.0,0.0,0.0,0.0,0.0,-0.5885731457657186,1.0706105776790726,-1.0706105776790726,-1.34536893027684,-0.7396228283351265,0.7396228283351263
7.919999999999919,0.0,0.0,0.0,0.0,0.0,0.0,-0.6152918140584441,1.0554815680567524,-1.0554815680567524,-1.3263572560826116,-0.773198497143978,0.7731984971439779
7.939999999999919,0.0,0.0,0.0,0.0,0.0,0.0,-0.6416218508536166,1.0396858936534876,-1.0396858936534876,-1.3065078262170944,-0.8062857972097631,0.806285797209763
7.959999999999918,0.0,0.0,0.0,0.0,0.0,0.0,-0.6675466255356503,1.0232335313557888,-1.023233531355789,-1.2858331780056351,-0.8388638298845822,0.838863829884582
7.979999999999918,0.0,0.0,0.0,0.0,0.0,0.0,-0.6930497634612036,1.006134872828311,-1.006134872828311,-1.2643463699991693,-0.8709120181847443,0.8709120181847443
7.999999999999917,0.0,0.0,0.0,0.0,0.0,0.0,-0.7181151563017419,0.9884007179502637,-0.9884007179502637,-1.2420609737261703,-0.9024101197876155,0.9024101197876153
8.019999999999918,0.0,0.0,0.0,0.0,0.0,0.0,-0.7427269722179108,0.9700422679939709,-0.970042267993971,-1.2189910651205762,-0.9333382398171117,0.9333382398171115
8.039999999999917,0.0,0.0,0.0,0.0,0.0,0.0,-0.7668696658592608,0.9510711185499104,-0.9510711185499104,-1.1951512156311304,-0.9636768434097253,0.963676843409725
8.059999999999917,0.0,0.0,0.0,0.0,0.0,0.0,-0.7905279881830315,0.9314992522026848,-0.9314992522026848,-1.1705564830177362,-0.9934067680531723,0.9934067680531722
8.079999999999917,0.0,0.0,0.0,0.0,0.0,0.0,-0.8136869960857632,0.9113390309625718,-0.9113390309625718,-1.1452224018406627,-1.0225092356898322,1.022509235689832
8.099999999999916,0.0,0.0,0.0,0.0,0.0,0.0,-0.8363320618416866,0.8906031884574103,-0.8906031884574104,-1.1191649736485787,-1.0509658645773787,1.0509658645773787
8.119999999999916,0.0,0.0,0.0,0.0,0.0,0.0,-0.8584488823419127,0.8693048218897632,-0.8693048218897633,-1.0924006568716256,-1.0787586808990888,1.0787586808990886
8.139999999999915,0.0,0.0,0.0,0.0,0.0,0.0,-0.8800234881285719,0.8474573837644541,-0.8474573837644542,-1.0649463564259343,-1.1058701301164746,1.1058701301164746
8.159999999999915,0.0,0.0,0.0,0.0,0.0,0.0,-0.9010422522182353,0.8250746733916646,-0.8250746733916648,-1.0368194130361008,-1.132283088057124,1.1322830880571237
8.179999999999914,0.0,0.0,0.0,0.0,0.0,0.0,-0.921491898708997,0.8021708281710072,-0.8021708281710074,-1.0080375922824307,-1.1579808717306779,1.1579808717306779
8.199999999999914,0.0,0.0,0.0,0.0,0.0,0.0,-0.9413595111658312,0.7787603146620271,-0.7787603146620272,-0.9786190733798003,-1.1829472498661817,1.1829472498661815
8.219999999999914,0.0,0.0,0.0,0.0,0.0,0.0,-0.9606325407788779,0.7548579194468251,-0.7548579194468252,-0.9485824376952888,-1.2071664531640882,1.207166453164088
8.239999999999913,0.0,0.0,0.0,0.0,0.0,0.0,-0.9792988142895458,0.7304787397905304,-0.7304787397905305,-0.9179466570117844,-1.230623184256493,1.230623184256493
8.259999999999913,0.0,0.0,0.0,0.0,0.0,0.0,-0.9973465416794066,0.7056381741055394,-0.7056381741055394,-0.8867310815449913,-1.2533026273692842,1.2533026273692842
8.279999999999912,0.0,0.0,0.0,0.0,0.0,0.0,-1.014764323617014,0.6803519122255597,-0.6803519122255598,-0.8549554277214346,-1.2751904576800908,1.2751904576800908
8.299999999999912,0.0,0.0,0.0,0.0,0.0,0.0,-1.0315411586579766,0.654635925495562,-0.654635925495562,-0.8226397657251252,-1.2962728503661611,1.296272850366161
8.319999999999911,0.0,0.0,0.0,0.0,0.0,0.0,-1.0476664501936952,0.6285064566839494,-0.6285064566839494,-0.7898045068208189,-1.3165364893364042,1.316536489336404
8.339999999999911,0.0,0.0,0.0,0.0,0.0,0.0,-1.0631300131444186,0.601980009723263,-0.6019800097232633,-0.7564703904618064,-1.3359685756421305,1.3359685756421302
8.35999999999991,0.0,0.0,0.0,0.0,0.0,0.0,-1.077922080392349,0.5750733392859573,-0.5750733392859574,-0.7226584711904457,-1.3545568355611322,1.3545568355611322
8.37999999999991,0.0,0.0,0.0,0.0,0.0,0.0,-1.0920333089507674,0.5478034402017835,-0.5478034402017836,-0.6883901053396555,-1.372289528350034,1.3722895283500338
8.39999999999991,0.0,0.0,0.0,0.0,0.0,0.0,-1.105454785865267,0.5201875367234859,-0.520187536723486,-0.6536869375437897,-1.3891554536600006,1.3891554536600004
8.41999999999991,0.0,0.0,0.0,0.0,0.0,0.0,-1.1181780338433585,0.4922430716476083,-0.4922430716476084,-0.6185708870674402,-1.40514395861111,1.4051439586111099
8.439999999999909,0.0,0.0,0.0,0.0,0.0,0.0,-1.1301950166089185,0.4639876952972334,-0.4639876952972335,-0.5830641339607392,-1.420244944520949,1.420244944520949
8.459999999999908,0.0,0.0,0.0,0.0,0.0,0.0,-1.1414981439780654,0.43543925437367687,-0.435439254373677,-0.5471891050499843,-1.43444887328315,1.4344488732831497
8.479999999999908,0.0,0.0,0.0,0.0,0.0,0.0,-1.1520802766532903,0.4066157806841122,-0.40661578068411225,-0.5109684597723542,-1.4477467733918694,1.4477467733918694
8.499999999999908,0.0,0.0,0.0,0.0,0.0,0.0,-1.1619347307327836,0.37753547975230867,-0.37753547975230883,-0.47442507586374055,-1.4601302456083791,1.4601302456083791
8.519999999999907,0.0,0.0,0.0,0.0,0.0,0.0,-1.1710552819321334,0.3482167193196267,-0.3482167193196269,-0.4375820349086715,-1.471591468266206,1.471591468266206
8.539999999999907,0.0,0.0,0.0,0.0,0.0,0.0,-1.1794361695157194,0.3186780177435523,-0.3186780177435524,-0.40046260776148074,-1.4821232022114679,1.4821232022114679
8.559999999999906,0.0,0.0,0.0,0.0,0.0,0.0,-1.1870720999353113,0.2889380323011196,-0.28893803230111975,-0.36309023984795513,-1.4917187953752733,1.491718795375273
8.579999999999906,0.0,0.0,0.0,0.0,0.0,0.0,-1.1939582501735932,0.25901554740455895,-0.2590155474045591,-0.3254885363566806,-1.5003721869753142,1.500372186975314
8.599999999999905,0.0,0.0,0.0,0.0,0.0,0.0,-1.2000902707904808,0.22892946273667383,-0.228929462736674,-0.2876812473295172,-1.5080779113439842,1.5080779113439842
8.619999999999905,0.0,0.0,0.0,0.0,0.0,0.0,-1.205464288670322,0.1986987813133896,-0.19869878131338975,-0.24969225266055592,-1.514831101380612,1.514831101380612
8.639999999999905,0.0,0.0,0.0,0.0,0.0,0.0,-1.210076909468241,0.16834259748103522,-0.1683425974810354,-0.21154554701305764,-1.520627491625627,1.520627491625627
8.659999999999904,0.0,0.0,0.0,0.0,0.0,0.0,-1.2139252197540773,0.13788008485595973,-0.13788008485595987,-0.17326522466392827,-1.525463420954714,1.5254634209547138
8.679999999999904,0.0,0.0,0.0,0.0,0.0,0.0,-1.2170067888525722,0.10733048421404806,-0.10733048421404821,-0.13487546428523556,-1.5293358348912585,1.5293358348912582
8.699999999999903,0.0,0.0,0.0,0.0,0.0,0.0,-1.2193196703786346,0.07671309133785174,-0.0767130913378519,-0.09640051367246326,-1.5322422875356188,1.5322422875356188
8.719999999999903,0.0,0.0,0.0,0.0,0.0,0.0,-1.22086240346672,0.04604724482894193,-0.04604724482894208,-0.05786467442906193,-1.5341809431100102,1.5341809431100102
8.739999999999903,0.0,0.0,0.0,0.0,0.0,0.0,-1.2216340136935429,0.01535231389324913,-0.01535231389324928,-0.01929228661705449,-1.535150577118019,1.535150577118019
8.759999999999902,0.0,0.0,0.0,0.0,0.0,0.0,-1.2216340136935466,-0.015352313892948763,0.015352313892948615,0.01929228661667685,-1.5351505771180236,1.5351505771180236
8.779999999999902,0.0,0.0,0.0,0.0,0.0,0.0,-1.2208624034667312,-0.046047244828641754,0.0460472448286416,0.05786467442868452,-1.5341809431100244,1.5341809431100244
8.799999999999901,0.0,0.0,0.0,0.0,0.0,0.0,-1.2193196703786537,-0.0767130913375498,0.07671309133754965,0.0964005136720836,-1.5322422875356427,1.5322422875356427
8.8199999999999,0.0,0.0,0.0,0.0,0.0,0.0,-1.2170067888525986,-0.10733048421374884,0.10733048421374869,0.13487546428485936,-1.5293358348912915,1.5293358348912915
8.8399999999999,0.0,0.0,0.0,0.0,0.0,0.0,-1.2139252197541115,-0.1378800848556591,0.13788008485565897,0.1732652246635503,-1.5254634209547566,1.5254634209547566
8.8599999999999,0.0,0.0,0.0,0.0,0.0,0.0,-1.2100769094682824,-0.16834259748073768,0.16834259748073752,0.21154554701268358,-1.520627491625679,1.520627491625679
8.8799999999999,0.0,0.0,0.0,0.0,0.0,0.0,-1.205464288670371,-0.1986987813130932,0.19869878131309307,0.24969225266018333,-1.5148311013806735,1.5148311013806735
8.899999999999899,0.0,0.0,0.0,0.0,0.0,0.0,-1.2000902707905374,-0.2289294627363788,0.22892946273637862,0.2876812473291463,-1.5080779113440552,1.5080779113440552
8.919999999999899,0.0,0.0,0.0,0.0,0.0,0.0,-1.193958250173657,-0.25901554740426547,0.25901554740426525,0.3254885363563116,-1.500372186975394,1.500372186975394
8.939999999999898,0.0,0.0,0.0,0.0,0.0,0.0,-1.1870720999353828,-0.2889380323008256,0.28893803230082543,0.3630902398475856,-1.491718795375363,1.491718795375363
8.959999999999898,0.0,0.0,0.0,0.0,0.0,0.0,-1.1794361695157978,-0.3186780177432622,0.3186780177432621,0.4004626077611161,-1.4821232022115665,1.4821232022115665
8.979999999999897,0.0,0.0,0.0,0.0,0.0,0.0,-1.171055281932219,-0.3482167193193388,0.3482167193193386,0.43758203490830944,-1.4715914682663134,1.4715914682663134
8.999999999999897,0.0,0.0,0.0,0.0,0.0,0.0,-1.1619347307328765,-0.37753547975202295,0.37753547975202284,0.47442507586338134,-1.4601302456084957,1.4601302456084957
9.019999999999897,0.0,0.0,0.0,0.0,0.0,0.0,-1.1520802766533904,-0.4066157806838288,0.4066157806838287,0.510968459771998,-1.447746773391995,1.447746773391995
9.039999999999896,0.0,0.0,0.0,0.0,0.0,0.0,-1.1414981439781733,-0.4354392543733941,0.435439254373394,0.5471891050496288,-1.4344488732832854,1.4344488732832854
9.059999999999896,0.0,0.0,0.0,0.0,0.0,0.0,-1.1301950166090324,-0.46398769529695544,0.46398769529695527,0.5830641339603898,-1.4202449445210925,1.4202449445210925
9.079999999999895,0.0,0.0,0.0,0.0,0.0,0.0,-1.1181780338434806,-0.4922430716473313,0.4922430716473312,0.6185708870670921,-1.405143958611263,1.405143958611263
9.099999999999895,0.0,0.0,0.0,0.0,0.0,0.0,-1.1054547858653951,-0.520187536723214,0.5201875367232139,0.653686937543448,-1.3891554536601614,1.3891554536601614
9.119999999999894,0.0,0.0,0.0,0.0,0.0,0.0,-1.0920333089509024,-0.547803440201515,0.5478034402015147,0.6883901053393179,-1.372289528350203,1.372289528350203
9.139999999999894,0.0,0.0,0.0,0.0,0.0,0.0,-1.0779220803924905,-0.5750733392856923,0.5750733392856922,0.7226584711901125,-1.3545568355613098,1.3545568355613098
9.159999999999894,0.0,0.0,0.0,0.0,0.0,0.0,-1.0631300131445667,-0.6019800097230018,0.6019800097230017,0.7564703904614778,-1.3359685756423165,1.3359685756423165
9.179999999999893,0.0,0.0,0.0,0.0,0.0,0.0,-1.0476664501938509,-0.62850645668369,0.6285064566836899,0.7898045068204926,-1.3165364893365996,1.3165364893365996
9.199999999999893,0.0,0.0,0.0,0.0,0.0,0.0,-1.0315411586581376,-0.6546359254953084,0.6546359254953082,0.8226397657248062,-1.2962728503663634,1.2962728503663634
9.219999999999892,0.0,0.0,0.0,0.0,0.0,0.0,-1.0147643236171826,-0.6803519122253084,0.6803519122253083,0.8549554277211187,-1.2751904576803026,1.2751904576803026
9.239999999999892,0.0,0.0,0.0,0.0,0.0,0.0,-0.9973465416795801,-0.7056381741052942,0.7056381741052941,0.8867310815446828,-1.2533026273695023,1.2533026273695023
9.259999999999891,0.0,0.0,0.0,0.0,0.0,0.0,-0.9792988142897255,-0.7304787397902898,0.7304787397902897,0.9179466570114816,-1.2306231842567188,1.230623184256719
9.279999999999891,0.0,0.0,0.0,0.0,0.0,0.0,-0.9606325407790635,-0.7548579194465889,0.7548579194465888,0.9485824376949917,-1.2071664531643214,1.2071664531643216
9.29999999999989,0.0,0.0,0.0,0.0,0.0,0.0,-0.9413595111660227,-0.7787603146617957,0.7787603146617956,0.9786190733795092,-1.1829472498664224,1.1829472498664224
9.31999999999989,0.0,0.0,0.0,0.0,0.0,0.0,-0.9214918987091957,-0.802170828170779,0.802170828170779,1.008037592282144,-1.1579808717309277,1.157980871730928
9.33999999999989,0.0,0.0,0.0,0.0,0.0,0.0,-0.9010422522184383,-0.8250746733914431,0.8250746733914431,1.0368194130358224,-1.1322830880573789,1.1322830880573789
9.35999999999989,0.0,0.0,0.0,0.0,0.0,0.0,-0.8800234881287804,-0.8474573837642377,0.8474573837642376,1.064946356425662,-1.1058701301167364,1.1058701301167364
9.379999999999889,0.0,0.0,0.0,0.0,0.0,0.0,-0.8584488823421265,-0.8693048218895522,0.8693048218895522,1.0924006568713602,-1.0787586808993574,1.0787586808993574
9.399999999999888,0.0,0.0,0.0,0.0,0.0,0.0,-0.8363320618419056,-0.8906031884572047,0.8906031884572047,1.11916497364832,-1.050965864577654,1.0509658645776543
9.419999999999888,0.0,0.0,0.0,0.0,0.0,0.0,-0.8136869960859873,-0.9113390309623717,0.9113390309623716,1.1452224018404111,-1.0225092356901138,1.022509235690114
9.439999999999888,0.0,0.0,0.0,0.0,0.0,0.0,-0.7905279881832604,-0.9314992522024904,0.9314992522024903,1.170556483017492,-0.9934067680534601,0.9934067680534602
9.459999999999887,0.0,0.0,0.0,0.0,0.0,0.0,-0.7668696658594963,-0.9510711185497206,0.9510711185497204,1.1951512156308917,-0.9636768434100214,0.9636768434100215
9.479999999999887,0.0,0.0,0.0,0.0,0.0,0.0,-0.7427269722181493,-0.9700422679937882,0.9700422679937882,1.2189910651203466,-0.9333382398174114,0.9333382398174115
9.499999999999886,0.0,0.0,0.0,0.0,0.0,0.0,-0.7181151563019851,-0.9884007179500871,0.9884007179500871,1.2420609737259485,-0.902410119787921,0.9024101197879211
9.519999999999886,0.0,0.0,0.0,0.0,0.0,0.0,-0.6930497634614528,-1.0061348728281394,1.0061348728281394,1.2643463699989534,-0.8709120181850576,0.8709120181850577
9.539999999999885,0.0,0.0,0.0,0.0,0.0,0.0,-0.6675466255359036,-1.0232335313556236,1.0232335313556236,1.2858331780054273,-0.8388638298849006,0.8388638298849007
9.559999999999885,0.0,0.0,0.0,0.0,0.0,0.0,-0.641621850853874,-1.0396858936533286,1.0396858936533286,1.3065078262168945,-0.8062857972100866,0.8062857972100869
9.579999999999885,0.0,0.0,0.0,0.0,0.0,0.0,-0.6152918140587055,-1.0554815680565999,1.0554815680565999,1.32635725608242,-0.7731984971443066,0.7731984971443067
9.599999999999884,0.0,0.0,0.0,0.0,0.0,0.0,-0.5885731457659839,-1.070610577678927,1.070610577678927,1.3453689302766565,-0.7396228283354597,0.7396228283354598
9.619999999999884,0.0,0.0,0.0,0.0,0.0,0.0,-0.5614827220592709,-1.085063366713568,1.085063366713568,1.3635308406187014,-0.7055799978956019,0.705579997895602
9.639999999999883,0.0,0.0,0.0,0.0,0.0,0.0,-0.5340376538308214,-1.0988308064691958,1.0988308064691958,1.3808315156567095,-0.6710915080060949,0.6710915080060951
9.659999999999883,0.0,0.0,0.0,0.0,0.0,0.0,-0.5062552759739716,-1.1119042011357767,1.1119042011357767,1.3972600279135134,-0.6361791423363609,0.6361791423363611
9.679999999999882,0.0,0.0,0.0,0.0,0.0,0.0,-0.47815313643404284,-1.1242752932770332,1.1242752932770332,1.4128060007886554,-0.6008649522848428,0.6008649522848429
9.699999999999882,0.0,0.0,0.0,0.0,0.0,0.0,-0.44974898512469696,-1.1359362690460133,1.1359362690460133,1.4274596151124617,-0.5651712430508852,0.5651712430508854
9.719999999999882,0.0,0.0,0.0,0.0,0.0,0.0,-0.4210607627166944,-1.1468797631204883,1.1468797631204883,1.4412116153480514,-0.5291205595462728,0.529120559546273
9.739999999999881,0.0,0.0,0.0,0.0,0.0,0.0,-0.3921065893061962,-1.1570988633550439,1.1570988633550439,1.454053315437322,-0.4927356721553984,0.4927356721553986
9.75999999999988,0.0,0.0,0.0,0.0,0.0,0.0,-0.36290475296971686,-1.1665871151469407,1.1665871151469407,1.4659766042872553,-0.45603956235299237,0.45603956235299253
9.77999999999988,0.0,0.0,0.0,0.0,0.0,0.0,-0.333473698212977,-1.175338525512983,1.175338525512983,1.4769739508930586,-0.41905540818852327,0.41905540818852344
9.79999999999988,0.0,0.0,0.0,0.0,0.0,0.0,-0.30383201432097284,-1.18334756687481,1.18334756687481,1.4870384090949038,-0.3818065696464628,0.381806569646463
9.81999999999988,0.0,0.0,0.0,0.0,0.0,0.0,-0.27399842361656834,-1.1906091805502375,1.1906091805502375,1.4961636219652759,-0.3443165738915979,0.34431657389159814
9.839999999999879,0.0,0.0,0.0,0.0,0.0,0.0,-0.2439917696350919,-1.1971187799484262,1.1971187799484262,1.5043438258241408,-0.306609100408791,0.30660910040879125
9.859999999999879,0.0,0.0,0.0,0.0,0.0,0.0,-0.2138310052223386,-1.202872253466874,1.202872253466874,1.5115738538794128,-0.2687079660464878,0.268707966046488
9.879999999999878,0.0,0.0,0.0,0.0,0.0,0.0,-0.1835351805635614,-1.2078659670883904,1.2078659670883904,1.5178491394904072,-0.23063710997350417,0.2306371099735044
9.899999999999878,0.0,0.0,0.0,0.0,0.0,0.0,-0.15312343115095947,-1.2120967666764189,1.2120967666764189,1.5231657190522316,-0.19242057855852657,0.1924205785585268
9.919999999999877,0.0,0.0,0.0,0.0,0.0,0.0,-0.12261496569728467,-1.21556197996726,1.21556197996726,1.5275202344992829,-0.15408251018190153,0.15408251018190172
9.939999999999877,0.0,0.0,0.0,0.0,0.0,0.0,-0.09202905400322203,-1.2182594182579274,1.2182594182579274,1.5309099354262719,-0.1156471199893362,0.1156471199893364
9.959999999999877,0.0,0.0,0.0,0.0,0.0,0.0,-0.06138501478615329,-1.220187377788582,1.220187377788582,1.5333326808254413,-0.07713868459707192,0.0771386845970721
9.979999999999876,0.0,0.0,0.0,0.0,0.0,0.0,-0.030702203478058195,-1.221344640818661,1.221344640818661,1.534786940438868,-0.03858152675827456,0.038581526758274746
